national_code,cpse,source_code,original_description,original_uom,status,band
NMC-31400000-000001,BPCL,BR-01454,GASKET SPIRAL WOUND SS304 4IN 150#,EA,active,auto
NMC-31400000-000001,ONGC,5001164,GASKET 4 IN SS304 SPIRAL WOUND 150# GRAPHITE FILLER IGP,PCS,active,auto
NMC-31400000-000001,GAIL,G/001372,"GASKET,SS304,SPIRAL WOUND,4 IN,FLX/SW/304/4",EACH,active,auto
NMC-31400000-000001,IOCL,MAT-01276,"GASKET, SPIRAL WOUND, SS304, FLEXITALLIC, SW-034-4-150",NO,active,auto
NMC-31400000-000001,ONGC,5001169,GASKET SPIRAL WUOND SS304 IGP,EA,active,auto
NMC-31400000-000001,GAIL,G/001398,GASKET SPL WOUND SS304 150# 4 IN GRAPHITE FILL FLEXITALLIC,EACH,active,auto
NMC-31400000-000001,IOCL,MAT-01307,GASKET SS304 SW 4 IN 150# GR FILLR FLEXITALLIC,EA,active,auto
NMC-31400000-000001,ONGC,5001189,"Gasket, Spiralwound, Ss304, Flexitallic",NOS,active,auto
NMC-31400000-000001,GAIL,G/001414,"GASKET SPIRALWOUND 150# 4"" SS304 GRAPHITE FILL IGP FLX/SW/304/4",PCS,active,auto
NMC-31400000-000001,IOCL,MAT-01337,GASKET GR FILLER SS304 4 INCH 150# SPIRALWOUND,EA,active,auto
NMC-31171500-000001,CPCL,100001445,SKF 6205-2RS DEEP GROOVE BALL BEARING,EA,active,auto
NMC-31171500-000001,IOCL,MAT-01248,"FAG 6205-2RSR BEARING, 25X52X15MM, SEALED",NOS,active,auto
NMC-31171500-000001,BPCL,BR-01492,"BER, BALL, DEEP GRV, 25X52X15 MM, 6205, 2RS SEALED",NOS,active,auto
NMC-31171500-000001,ONGC,5001061,BRG BALL DP GRV 6205 2RS SEALED 25*52 X 15MM SKF,NO,active,auto
NMC-31171500-000001,GAIL,G/001290,"BEARING,BALL,DEEP GROOVE,6205,25X52X15 MM,2RS SEALED,NTN",NO,active,auto
NMC-31171500-000001,CPCL,100001467,BARNG BALL DEEP GRV 6205 25*52 X 15 MM 2RS SEALED FAG 6205-2RSR,NO,active,auto
NMC-31171500-000001,BPCL,BR-01526,BEARING DEEP GROOVE BALL 6205 25 X 52*15MM 2RS SEAELD FAG,EACH,active,auto
NMC-31171500-000001,ONGC,5001086,"BER,BALL,D/GROOVE,6205,25*52X15 MM,2RS SEALD,NTN,6205-2RSR",PC,active,auto
NMC-31171500-000001,GAIL,G/001322,"BEARING,BALL,DEEP GROOVE,6205,25X52X15 MM,2RS SEALED,NBC,6205-2RS",EACH,active,auto
NMC-40141600-000001,ONGC,5001275,VALVE GATE 6 IN 150# C.S. BODY FLANGED API 600,EACH,active,review
NMC-40141600-000001,CPCL,100001507,VALVE - GATE - 6 INCH - FLANGED - CAST STEEL BODY - 150# - API 600 - AUDCO,PCS,active,review
NMC-40141600-000001,IOCL,MAT-01397,VALVE GATE 6IN 150# C.S. BODY FLANGED BDK AUD/GT/6/150,PCS,active,review
NMC-40141600-000001,BPCL,BR-01612,"VALVE,GATE,6 INCH,150#,CAST STL BODY,FLANGED,API 600,AUD/GT/6/150",NOS,active,review
NMC-40141600-000001,GAIL,G/001520,"VALVE, 150#, 6 IN, GATE, AUDCO",EACH,active,review
NMC-40141600-000001,ONGC,5001307,VALVE 150# 6 IN GATE GV-6-150-CS,PCS,active,review
NMC-40141600-000001,CPCL,100001541,VALVE GATE 6 IN 150# CS BODY,PCS,active,review
NMC-40141600-000001,IOCL,MAT-01429,"Valve, 150#, 6 In, Gate, Cs Body, Kirloskar, Gv-6-150-Cs",EACH,active,review
NMC-40141600-000001,BPCL,BR-01645,VALVE - 150# - 6 IN - GATE - C.S. BODY - FLANGED - AUDCO - GV-6-150-CS,EACH,active,review
NMC-40175000-000001,IOCL,MAT-01472,"FLANGE,WELD NECK,SCH40 BORE,4 IN,150#,ASTM A105,RF,KALIKUND,ECH/WN/4/150",EACH,active,auto
NMC-40175000-000001,ONGC,5001444,FLANGE - WELD NECK - RF - 4 IN - 150# - ASTM A105 - SCH-40 BORE - KALIKUND - EC/WN/4/150,EACH,active,auto
NMC-40175000-000001,IOCL,MAT-01486,Flange - W/Neck - Rf - 4 In - 150#,EACH,active,auto
NMC-40175000-000001,ONGC,5001480,"FLANGE,WELD NECK,R/FACE,4IN,150#,ASTM A105,SCH-40 BORE,ECH/WN/4/150",PC,active,auto
NMC-40175000-000001,IOCL,MAT-01516,FLANGE WN RF 4IN 150# SCH 40 BORE ASTM A105 ECHJAY WNRF-4-150-A150,PC,active,auto
NMC-40175000-000001,ONGC,5001502,"FLANGE,WELD NECK,R/FACE,4 INCH,150#,ASTM A105,SCHEDULE 40 BORE",EA,active,auto
NMC-40175000-000001,IOCL,MAT-01541,FLANGE - WELD NECK - RF - 4 INCH - 150# - ASTM A105 - SCH40 BORE - CITIZEN,NO,active,auto
NMC-40175000-000001,ONGC,5001534,FLANGE W/NECK R/FACE 4 INCH 150# ASTM A105 SCH 40 BORE CITIZEN WNRF-4-150-A105,NO,active,auto
NMC-26101100-000001,IOCL,MAT-01612,MOTOR INDUCTION 3 PHASE 5 HP 1440 RPM FOOT MOUNTED IP55 415 V,PC,active,auto
NMC-26101100-000001,GAIL,G/001697,"MOTOR,INDUCTN,3PH,5 HP,1440 RPM,FOOT MOUNTED,IP55,415 V,ABB",NO,active,auto
NMC-26101100-000001,ONGC,5001646,Motor - Induction - 3 Phase - 5 Hp - 1440 Rpm - Foot Mounted - Ip55 - 415 V - Kirloskar - Mtr-5Hp-1440-B3,PC,active,auto
NMC-26101100-000001,BPCL,BR-01766,"MOTOR,INDUCTION,3 PHASE,5 HP,ABB",NO,active,auto
NMC-26101100-000001,CPCL,100001648,MOTOR INDUCTION 415 V 5 HP 1440 RPM B3 IP55 3PH KIRLOSKAR,NO,active,auto
NMC-26101100-000001,IOCL,MAT-01643,MOTOR - INDUCTN - 3PH - 5 HP - 1440 RPM - FOOT MOUNED - IP55,NO,active,auto
NMC-26101100-000001,GAIL,G/001721,"Motor, Induction, 3-Ph, 5 Hp, 1440 Rpm, Foot Mtd, Ip55, 415 V",EA,active,auto
NMC-26101100-000001,ONGC,5001674,MOTOR INDUCTION 3 PHASE 1440 RPM 5 HP FOOT MOUNTED IP55 415 V,PC,active,auto
NMC-31161600-000001,GAIL,G/001581,"BOT, HEX HD, M12 X 50, SS316, UNBRAKO",NOS,active,auto
NMC-31161600-000001,BPCL,BR-01681,"Bolt,M12X50,Hex Hd,Ss316,Sundram,Tvs/Hx/M12/50",PCS,active,auto
NMC-31161600-000001,IOCL,MAT-01457,Bolt Ft M12 X 50 Ss316 Hexagonal Head Tvs Tvs/Hx/M12/50,EA,active,auto
NMC-31161600-000001,GAIL,G/001587,BOLT HH M12X50 UNBRAO,PCS,active,auto
NMC-31161600-000001,BPCL,BR-01714,BOLT HEX HEAD M12*50 FULL THREAD SS316 IS 1364 SUNDRAM,EA,active,auto
NMC-31161600-000001,IOCL,MAT-01465,BOLT FULL THREAD M12*50 SS316 HEX HEAD IS 1364 UNBRAKO,EACH,active,auto
NMC-31161600-000001,GAIL,G/001588,"BOLT, HEX HEAD, M12 X 50, SS316, UBNRAKO",PCS,active,auto
NMC-31161600-000002,ONGC,5001388,STUD BOLT FULL THREAD M20X120 SUNDRAM,NO,active,review
NMC-31161600-000002,GAIL,G/001608,STUD BOLT - FULL THREAD - M20X120 - ASTM A193 B7 - WITH 2 NUTS A194 2H,NO,active,review
NMC-31161600-000002,BPCL,BR-01734,Stud Blt - W/2 Nuts A194 2H - M20 X 120 - Astm A193 B7 - Full Thread - Unbrako,EACH,active,review
NMC-31161600-000002,ONGC,5001415,"STUD BOLT,FULL THREAD,M20 X 120,UNBRAKO",PCS,active,review
NMC-31161600-000002,GAIL,G/001643,STUD BOLT ASTM A193 B7 M20X120 FULL THREAD SUNDRAM,EACH,active,review
NMC-31161600-000002,BPCL,BR-01751,Stud Blt - M20X120 - Ft - Astm A193 B7 - With 2 Nuts A194 2H,EACH,active,review
NMC-31161600-000002,ONGC,5001416,Stud Bolt - Full Thread - M20 X 120 - Astm A193 B7 - With 2 Nuts A194 2H - Sb-M20-120-B7,PC,active,review
NMC-31411700-000001,IOCL,MAT-01557,mechanical seal - cartridge - single - flowserve,NOS,active,auto
NMC-31411700-000001,ONGC,5001572,M/Seal - Ctg - 45 Mm Shaft - Single - Flowserve,PC,active,auto
NMC-31411700-000001,IOCL,MAT-01575,MECH SEAL CART SINGLE 45 M.M. SHAFT SIC VS CARBON VITON MS-45-SIC-VIT,NOS,active,auto
NMC-31411700-000001,ONGC,5001604,MECHANICAL SEAL CARTRIDGE SINGLE 45 MM SHAFT SIC VS CARBON VITON,PC,active,auto
NMC-31411700-000001,IOCL,MAT-01595,mech. seal cart single 45 mm shaft sic vs carbon viton jc/t21/45,NO,active,auto
NMC-31411700-000001,ONGC,5001615,Mechanical Seal - Cartridge - Single - 45 Mm Shaft - Sic Vs Carbon,PC,active,auto
NMC-31411700-000001,IOCL,MAT-01597,MECHANICAL SEAL CARTRIDGE SINGLE 45 MM SHAFT SIC VS CARBON FLOWSERVE MS-45-SIC-VIT,EACH,active,auto
NMC-31171500-000002,GAIL,G/001343,BER BALL D/GROOVE 6206,EACH,active,auto
NMC-31171500-000002,BPCL,BR-01539,BEARNG - BALL - DEEP GRV - 6206 - 30 X 62*16 M.M. - 2RS SEALED - SKF,NOS,active,auto
NMC-31171500-000002,ONGC,5001099,BEARING BALL DEEP GROOVE 6206 30X62X16 MM 2RS SEALED 6206-2RSR,EA,active,auto
NMC-31171500-000002,GAIL,G/001366,"BER,BALL,DP GRV,6206,30*62 X 16 M.M.,2RS SEALED,SKF",PCS,active,auto
NMC-31171500-000002,BPCL,BR-01557,"BEARNG,BALL,DP GRV,6206,FAG,6206-2RS",PCS,active,auto
NMC-31171500-000002,ONGC,5001100,Brg - Ball - Deep Grv - 6206 - 30 X 62X16 M.M. - 2Rs Sealed - Skf,NOS,active,auto
NMC-40171600-000001,GAIL,G/001424,Pipe Seamless Carbon Steel Astm A106 Gr B 4 In Sch 40 Ismt,M,active,review
NMC-40171600-000001,ONGC,5001218,"PIPE,SMLS,CARBON STEEL,ASTM A106 GR B,4 INCH,CH-40,ISMT,A106B-4-40",MTR,active,review
NMC-40171600-000001,CPCL,100001498,Pipe - Seamles - Carbon Steel,METER,active,review
NMC-40171600-000001,BPCL,BR-01581,Pipe Seamless Carbon Steel Astm A106 Gr B 4 In Ismt,METER,active,review
NMC-40171600-000001,IOCL,MAT-01366,"Pipe, Sml, Carb Stl, Astm A106 Gr B, 4 In, Sch 40, Msl, Jsl/A106/4",M,active,review
NMC-40171600-000001,GAIL,G/001437,"PIPE, SEAMLESS, CARBON STEEL, MSL, A106B4--40",M,active,review
NMC-41111900-000001,ONGC,5001631,"PRESSURE GAUGE - BOURDON - 100 M.M. DIAL - 0-10 BAR - SS316 WETTED - 1/2"" NPT BOTTOM - FORBES MARSHALL - PG-100-10-316",EACH,active,auto
NMC-41111900-000001,CPCL,100001588,"PRESSURE GAUG, BOURDON, 100 M.M. DIAL, 0-10 BAR, WIKA",NO,active,auto
NMC-41111900-000001,GAIL,G/001681,"PRESSURE GAUGE, 100 MM DIAL, BOURDON, 0-10 BAR, SS316 WETTED",EA,active,auto
NMC-41111900-000001,IOCL,MAT-01606,PR GAUGE BOURDN 100 M.M. DIAL 0-10 BAR SS316 WETTED 1/2 INCH NPT BOTTOM PG-100-10-316,NOS,active,auto
NMC-41111900-000001,ONGC,5001639,Press Gauge Brdn 100 Mm Dial Ss316 Wetted 0-10 Bar 1/2 In Npt Bottom Pg-100-10-316,NOS,active,auto
NMC-41111900-000001,CPCL,100001627,PG BOURDN 100 MM DIAL 0-10 BAR SS316 WETTED 1/2 IN NPT BOTTOM FORBES MARSHALL PG-100-10-316,NOS,active,auto
NMC-31400000-000002,ONGC,5001035,GASKET SPIRAL WOUND SS316 4IN 150#,EA,active,auto
NMC-31400000-000002,ONGC,5001135,GASKET 150# SS316 4 IN SPIRAL WOUND CHAMPION FLX/SW/316/4,EACH,active,auto
NMC-31400000-000002,CPCL,100001473,GASKET SPIRALWOUND SS316 4 IN 150# IGP SW-316-4-150,PCS,active,auto
NMC-31400000-000002,IOCL,MAT-01258,GASKET SW SS316,PC,active,auto
NMC-31400000-000002,ONGC,5001156,"Gasket, Spiral Wound, Ss316, 4 In, 150#, Graphite Filler, Champion, Flx/Sw/316/4",NO,active,auto
NMC-40141600-000002,GAIL,G/001560,VALVE BALL 2 IN 800# SS316 BODY SCREWED END AUDCO,PC,active,auto
NMC-40141600-000002,IOCL,MAT-01438,"VALVE,BALL,SCREWED END8,00#,SS316 BODY,2 IN,FULL BORE,VIRGO,BV-2-800-316",EACH,active,auto
NMC-40141600-000002,CPCL,100001570,VALVE BALL 2 INCH 800# SS316 BODY THREADED END FULL BORE AUDCO VRG/BL/2/800,PC,active,auto
NMC-40141600-000002,ONGC,5001362,Valve Ball 2 In Audco,EA,active,auto
NMC-40141600-000002,BPCL,BR-01672,VAVLE BALL 2 IN VRG/BL/2/800,EA,active,auto
NMC-40171600-000002,GAIL,G/001471,"pipe, seamles, stnls stl, astm a312 tp316, 2in, sch 40, a312-316-2-40",MTS,active,auto
NMC-40171600-000002,ONGC,5001257,"pipe,seamles,ss,astm a312 tp316,2 in,sch 40,a312-316-2-40",METER,active,auto
NMC-40171600-000002,GAIL,G/001505,PIPE SMLS STNLS STL ASTM A312 TP316 2 IN SCH 40,METER,active,auto
NMC-40171600-000002,ONGC,5001268,"PIPE, 2 IN, STAINLESS STEEL, ASTM A312 TP316, SEAMLESS, SCH 40, RATNAMANI",MTS,active,auto
NMC-40141600-000003,BPCL,BR-01656,"VALVE,GATE,6 IN,AUDCO,V-6-300-CS",NO,active,auto
NMC-40141600-000003,ONGC,5001337,VALVE GATE CS BODY 300# 6IN BDK GV-6-300-CS,PC,active,auto
NMC-40141600-000004,GAIL,G/001526,VALVE GATE 6IN 300# CAST STEEL BODY AUDCO GV-6-300-CS,EACH,active,single
