record_id,cpse,source_code,description,uom,material_group,plant
R00001,CPCL,100001445,SKF 6205-2RS DEEP GROOVE BALL BEARING,EA,BEARING,Cauvery Basin
R00002,IOCL,MAT-01248,"FAG 6205-2RSR BEARING, 25X52X15MM, SEALED",NOS,BEARING,Panipat
R00003,ONGC,5001035,GASKET SPIRAL WOUND SS316 4IN 150#,EA,GASKET,Uran
R00004,BPCL,BR-01454,GASKET SPIRAL WOUND SS304 4IN 150#,EA,GASKET,Kochi
R00005,BPCL,BR-01492,"BER, BALL, DEEP GRV, 25X52X15 MM, 6205, 2RS SEALED",NOS,BEARING,Kochi
R00006,ONGC,5001061,BRG BALL DP GRV 6205 2RS SEALED 25*52 X 15MM SKF,NO,BEARING,Hazira
R00007,GAIL,G/001290,"BEARING,BALL,DEEP GROOVE,6205,25X52X15 MM,2RS SEALED,NTN",NO,BEARING,Hazira
R00008,CPCL,100001467,BARNG BALL DEEP GRV 6205 25*52 X 15 MM 2RS SEALED FAG 6205-2RSR,NO,BEARING,Cauvery Basin
R00009,BPCL,BR-01526,BEARING DEEP GROOVE BALL 6205 25 X 52*15MM 2RS SEAELD FAG,EACH,BEARING,Kochi
R00010,ONGC,5001086,"BER,BALL,D/GROOVE,6205,25*52X15 MM,2RS SEALD,NTN,6205-2RSR",PC,BEARING,Mumbai High
R00011,GAIL,G/001322,"BEARING,BALL,DEEP GROOVE,6205,25X52X15 MM,2RS SEALED,NBC,6205-2RS",EACH,BEARING,Vijaipur
R00012,GAIL,G/001343,BER BALL D/GROOVE 6206,EACH,BEARING,Hazira
R00013,BPCL,BR-01539,BEARNG - BALL - DEEP GRV - 6206 - 30 X 62*16 M.M. - 2RS SEALED - SKF,NOS,BEARING,Mumbai
R00014,ONGC,5001099,BEARING BALL DEEP GROOVE 6206 30X62X16 MM 2RS SEALED 6206-2RSR,EA,BEARING,Mumbai High
R00015,GAIL,G/001366,"BER,BALL,DP GRV,6206,30*62 X 16 M.M.,2RS SEALED,SKF",PCS,BEARING,Hazira
R00016,BPCL,BR-01557,"BEARNG,BALL,DP GRV,6206,FAG,6206-2RS",PCS,BEARING,Mumbai
R00017,ONGC,5001100,Brg - Ball - Deep Grv - 6206 - 30 X 62X16 M.M. - 2Rs Sealed - Skf,NOS,BEARING,Uran
R00018,ONGC,5001135,GASKET 150# SS316 4 IN SPIRAL WOUND CHAMPION FLX/SW/316/4,EACH,GASKET,Mumbai High
R00019,CPCL,100001473,GASKET SPIRALWOUND SS316 4 IN 150# IGP SW-316-4-150,PCS,GASKET,Manali
R00020,IOCL,MAT-01258,GASKET SW SS316,PC,GASKET,Mathura
R00021,ONGC,5001156,"Gasket, Spiral Wound, Ss316, 4 In, 150#, Graphite Filler, Champion, Flx/Sw/316/4",NO,GASKET,Uran
R00022,ONGC,5001164,GASKET 4 IN SS304 SPIRAL WOUND 150# GRAPHITE FILLER IGP,PCS,GASKET,Mumbai High
R00023,GAIL,G/001372,"GASKET,SS304,SPIRAL WOUND,4 IN,FLX/SW/304/4",EACH,GASKET,Hazira
R00024,IOCL,MAT-01276,"GASKET, SPIRAL WOUND, SS304, FLEXITALLIC, SW-034-4-150",NO,GASKET,Barauni
R00025,ONGC,5001169,GASKET SPIRAL WUOND SS304 IGP,EA,GASKET,Hazira
R00026,GAIL,G/001398,GASKET SPL WOUND SS304 150# 4 IN GRAPHITE FILL FLEXITALLIC,EACH,GASKET,Vijaipur
R00027,IOCL,MAT-01307,GASKET SS304 SW 4 IN 150# GR FILLR FLEXITALLIC,EA,GASKET,Mathura
R00028,ONGC,5001189,"Gasket, Spiralwound, Ss304, Flexitallic",NOS,GASKET,Uran
R00029,GAIL,G/001414,"GASKET SPIRALWOUND 150# 4"" SS304 GRAPHITE FILL IGP FLX/SW/304/4",PCS,GASKET,Vijaipur
R00030,IOCL,MAT-01337,GASKET GR FILLER SS304 4 INCH 150# SPIRALWOUND,EA,GASKET,Barauni
R00031,GAIL,G/001424,Pipe Seamless Carbon Steel Astm A106 Gr B 4 In Sch 40 Ismt,M,PIPE,Hazira
R00032,ONGC,5001218,"PIPE,SMLS,CARBON STEEL,ASTM A106 GR B,4 INCH,CH-40,ISMT,A106B-4-40",MTR,PIPE,Hazira
R00033,CPCL,100001498,Pipe - Seamles - Carbon Steel,METER,PIPE,Cauvery Basin
R00034,BPCL,BR-01581,Pipe Seamless Carbon Steel Astm A106 Gr B 4 In Ismt,METER,PIPE,Mumbai
R00035,IOCL,MAT-01366,"Pipe, Sml, Carb Stl, Astm A106 Gr B, 4 In, Sch 40, Msl, Jsl/A106/4",M,PIPE,Mathura
R00036,GAIL,G/001437,"PIPE, SEAMLESS, CARBON STEEL, MSL, A106B4--40",M,PIPE,Hazira
R00037,GAIL,G/001471,"pipe, seamles, stnls stl, astm a312 tp316, 2in, sch 40, a312-316-2-40",MTS,PIPE,Hazira
R00038,ONGC,5001257,"pipe,seamles,ss,astm a312 tp316,2 in,sch 40,a312-316-2-40",METER,PIPE,Hazira
R00039,GAIL,G/001505,PIPE SMLS STNLS STL ASTM A312 TP316 2 IN SCH 40,METER,PIPE,Hazira
R00040,ONGC,5001268,"PIPE, 2 IN, STAINLESS STEEL, ASTM A312 TP316, SEAMLESS, SCH 40, RATNAMANI",MTS,PIPE,Uran
R00041,ONGC,5001275,VALVE GATE 6 IN 150# C.S. BODY FLANGED API 600,EACH,VALVE,Hazira
R00042,CPCL,100001507,VALVE - GATE - 6 INCH - FLANGED - CAST STEEL BODY - 150# - API 600 - AUDCO,PCS,VALVE,Manali
R00043,IOCL,MAT-01397,VALVE GATE 6IN 150# C.S. BODY FLANGED BDK AUD/GT/6/150,PCS,VALVE,Mathura
R00044,BPCL,BR-01612,"VALVE,GATE,6 INCH,150#,CAST STL BODY,FLANGED,API 600,AUD/GT/6/150",NOS,VALVE,Kochi
R00045,GAIL,G/001520,"VALVE, 150#, 6 IN, GATE, AUDCO",EACH,VALVE,Hazira
R00046,ONGC,5001307,VALVE 150# 6 IN GATE GV-6-150-CS,PCS,VALVE,Hazira
R00047,CPCL,100001541,VALVE GATE 6 IN 150# CS BODY,PCS,VALVE,Manali
R00048,IOCL,MAT-01429,"Valve, 150#, 6 In, Gate, Cs Body, Kirloskar, Gv-6-150-Cs",EACH,VALVE,Panipat
R00049,BPCL,BR-01645,VALVE - 150# - 6 IN - GATE - C.S. BODY - FLANGED - AUDCO - GV-6-150-CS,EACH,VALVE,Mumbai
R00050,BPCL,BR-01656,"VALVE,GATE,6 IN,AUDCO,V-6-300-CS",NO,VALVE,Kochi
R00051,GAIL,G/001526,VALVE GATE 6IN 300# CAST STEEL BODY AUDCO GV-6-300-CS,EACH,VALVE,Vijaipur
R00052,ONGC,5001337,VALVE GATE CS BODY 300# 6IN BDK GV-6-300-CS,PC,VALVE,Mumbai High
R00053,GAIL,G/001560,VALVE BALL 2 IN 800# SS316 BODY SCREWED END AUDCO,PC,VALVE,Hazira
R00054,IOCL,MAT-01438,"VALVE,BALL,SCREWED END8,00#,SS316 BODY,2 IN,FULL BORE,VIRGO,BV-2-800-316",EACH,VALVE,Panipat
R00055,CPCL,100001570,VALVE BALL 2 INCH 800# SS316 BODY THREADED END FULL BORE AUDCO VRG/BL/2/800,PC,VALVE,Cauvery Basin
R00056,ONGC,5001362,Valve Ball 2 In Audco,EA,VALVE,Hazira
R00057,BPCL,BR-01672,VAVLE BALL 2 IN VRG/BL/2/800,EA,VALVE,Kochi
R00058,GAIL,G/001581,"BOT, HEX HD, M12 X 50, SS316, UNBRAKO",NOS,FASTENER,Vijaipur
R00059,BPCL,BR-01681,"Bolt,M12X50,Hex Hd,Ss316,Sundram,Tvs/Hx/M12/50",PCS,FASTENER,Kochi
R00060,IOCL,MAT-01457,Bolt Ft M12 X 50 Ss316 Hexagonal Head Tvs Tvs/Hx/M12/50,EA,FASTENER,Mathura
R00061,GAIL,G/001587,BOLT HH M12X50 UNBRAO,PCS,FASTENER,Vijaipur
R00062,BPCL,BR-01714,BOLT HEX HEAD M12*50 FULL THREAD SS316 IS 1364 SUNDRAM,EA,FASTENER,Kochi
R00063,IOCL,MAT-01465,BOLT FULL THREAD M12*50 SS316 HEX HEAD IS 1364 UNBRAKO,EACH,FASTENER,Barauni
R00064,GAIL,G/001588,"BOLT, HEX HEAD, M12 X 50, SS316, UBNRAKO",PCS,FASTENER,Hazira
R00065,ONGC,5001388,STUD BOLT FULL THREAD M20X120 SUNDRAM,NO,FASTENER,Mumbai High
R00066,GAIL,G/001608,STUD BOLT - FULL THREAD - M20X120 - ASTM A193 B7 - WITH 2 NUTS A194 2H,NO,FASTENER,Vijaipur
R00067,BPCL,BR-01734,Stud Blt - W/2 Nuts A194 2H - M20 X 120 - Astm A193 B7 - Full Thread - Unbrako,EACH,FASTENER,Kochi
R00068,ONGC,5001415,"STUD BOLT,FULL THREAD,M20 X 120,UNBRAKO",PCS,FASTENER,Uran
R00069,GAIL,G/001643,STUD BOLT ASTM A193 B7 M20X120 FULL THREAD SUNDRAM,EACH,FASTENER,Hazira
R00070,BPCL,BR-01751,Stud Blt - M20X120 - Ft - Astm A193 B7 - With 2 Nuts A194 2H,EACH,FASTENER,Mumbai
R00071,ONGC,5001416,Stud Bolt - Full Thread - M20 X 120 - Astm A193 B7 - With 2 Nuts A194 2H - Sb-M20-120-B7,PC,FASTENER,Hazira
R00072,IOCL,MAT-01472,"FLANGE,WELD NECK,SCH40 BORE,4 IN,150#,ASTM A105,RF,KALIKUND,ECH/WN/4/150",EACH,FLANGE,Mathura
R00073,ONGC,5001444,FLANGE - WELD NECK - RF - 4 IN - 150# - ASTM A105 - SCH-40 BORE - KALIKUND - EC/WN/4/150,EACH,FLANGE,Mumbai High
R00074,IOCL,MAT-01486,Flange - W/Neck - Rf - 4 In - 150#,EACH,FLANGE,Mathura
R00075,ONGC,5001480,"FLANGE,WELD NECK,R/FACE,4IN,150#,ASTM A105,SCH-40 BORE,ECH/WN/4/150",PC,FLANGE,Mumbai High
R00076,IOCL,MAT-01516,FLANGE WN RF 4IN 150# SCH 40 BORE ASTM A105 ECHJAY WNRF-4-150-A150,PC,FLANGE,Panipat
R00077,ONGC,5001502,"FLANGE,WELD NECK,R/FACE,4 INCH,150#,ASTM A105,SCHEDULE 40 BORE",EA,FLANGE,Uran
R00078,IOCL,MAT-01541,FLANGE - WELD NECK - RF - 4 INCH - 150# - ASTM A105 - SCH40 BORE - CITIZEN,NO,FLANGE,Mathura
R00079,ONGC,5001534,FLANGE W/NECK R/FACE 4 INCH 150# ASTM A105 SCH 40 BORE CITIZEN WNRF-4-150-A105,NO,FLANGE,Uran
R00080,IOCL,MAT-01557,mechanical seal - cartridge - single - flowserve,NOS,ROTATING,Barauni
R00081,ONGC,5001572,M/Seal - Ctg - 45 Mm Shaft - Single - Flowserve,PC,ROTATING,Uran
R00082,IOCL,MAT-01575,MECH SEAL CART SINGLE 45 M.M. SHAFT SIC VS CARBON VITON MS-45-SIC-VIT,NOS,ROTATING,Mathura
R00083,ONGC,5001604,MECHANICAL SEAL CARTRIDGE SINGLE 45 MM SHAFT SIC VS CARBON VITON,PC,ROTATING,Uran
R00084,IOCL,MAT-01595,mech. seal cart single 45 mm shaft sic vs carbon viton jc/t21/45,NO,ROTATING,Mathura
R00085,ONGC,5001615,Mechanical Seal - Cartridge - Single - 45 Mm Shaft - Sic Vs Carbon,PC,ROTATING,Hazira
R00086,IOCL,MAT-01597,MECHANICAL SEAL CARTRIDGE SINGLE 45 MM SHAFT SIC VS CARBON FLOWSERVE MS-45-SIC-VIT,EACH,ROTATING,Barauni
R00087,ONGC,5001631,"PRESSURE GAUGE - BOURDON - 100 M.M. DIAL - 0-10 BAR - SS316 WETTED - 1/2"" NPT BOTTOM - FORBES MARSHALL - PG-100-10-316",EACH,INSTRUME,Hazira
R00088,CPCL,100001588,"PRESSURE GAUG, BOURDON, 100 M.M. DIAL, 0-10 BAR, WIKA",NO,INSTRUME,Cauvery Basin
R00089,GAIL,G/001681,"PRESSURE GAUGE, 100 MM DIAL, BOURDON, 0-10 BAR, SS316 WETTED",EA,INSTRUME,Hazira
R00090,IOCL,MAT-01606,PR GAUGE BOURDN 100 M.M. DIAL 0-10 BAR SS316 WETTED 1/2 INCH NPT BOTTOM PG-100-10-316,NOS,INSTRUME,Barauni
R00091,ONGC,5001639,Press Gauge Brdn 100 Mm Dial Ss316 Wetted 0-10 Bar 1/2 In Npt Bottom Pg-100-10-316,NOS,INSTRUME,Hazira
R00092,CPCL,100001627,PG BOURDN 100 MM DIAL 0-10 BAR SS316 WETTED 1/2 IN NPT BOTTOM FORBES MARSHALL PG-100-10-316,NOS,INSTRUME,Cauvery Basin
R00093,IOCL,MAT-01612,MOTOR INDUCTION 3 PHASE 5 HP 1440 RPM FOOT MOUNTED IP55 415 V,PC,ELECTRIC,Mathura
R00094,GAIL,G/001697,"MOTOR,INDUCTN,3PH,5 HP,1440 RPM,FOOT MOUNTED,IP55,415 V,ABB",NO,ELECTRIC,Hazira
R00095,ONGC,5001646,Motor - Induction - 3 Phase - 5 Hp - 1440 Rpm - Foot Mounted - Ip55 - 415 V - Kirloskar - Mtr-5Hp-1440-B3,PC,ELECTRIC,Hazira
R00096,BPCL,BR-01766,"MOTOR,INDUCTION,3 PHASE,5 HP,ABB",NO,ELECTRIC,Mumbai
R00097,CPCL,100001648,MOTOR INDUCTION 415 V 5 HP 1440 RPM B3 IP55 3PH KIRLOSKAR,NO,ELECTRIC,Cauvery Basin
R00098,IOCL,MAT-01643,MOTOR - INDUCTN - 3PH - 5 HP - 1440 RPM - FOOT MOUNED - IP55,NO,ELECTRIC,Barauni
R00099,GAIL,G/001721,"Motor, Induction, 3-Ph, 5 Hp, 1440 Rpm, Foot Mtd, Ip55, 415 V",EA,ELECTRIC,Hazira
R00100,ONGC,5001674,MOTOR INDUCTION 3 PHASE 1440 RPM 5 HP FOOT MOUNTED IP55 415 V,PC,ELECTRIC,Mumbai High
