cpse,source_code,vendor,unit_price,qty,po_date,plant
CPCL,100001445,SKF India Ltd,1332.76,200,2025-09-18,Cauvery Basin
CPCL,100001445,Schaeffler India,1278.32,100,2026-06-08,Cauvery Basin
CPCL,100001445,Schaeffler India,1274.3,100,2025-10-13,Cauvery Basin
IOCL,MAT-01248,Bearing House Chennai,1071.5,10,2026-01-13,Panipat
IOCL,MAT-01248,Schaeffler India,1212.96,200,2026-02-08,Panipat
IOCL,MAT-01248,SKF India Ltd,1216.47,10,2025-11-16,Panipat
IOCL,MAT-01248,SKF India Ltd,1175.36,10,2025-12-16,Panipat
ONGC,5001035,Champion Seals,540.87,200,2025-07-17,Uran
ONGC,5001035,Champion Seals,516.82,20,2025-05-25,Uran
ONGC,5001035,Flexitallic India,524.4,5,2026-06-24,Uran
BPCL,BR-01454,Champion Seals,390.14,200,2025-08-09,Kochi
BPCL,BR-01454,Flexitallic India,366.52,200,2025-07-26,Kochi
BPCL,BR-01454,Flexitallic India,380.85,50,2025-12-19,Kochi
BPCL,BR-01492,Schaeffler India,1261.57,50,2025-05-24,Kochi
BPCL,BR-01492,SKF India Ltd,1267.36,400,2026-01-25,Kochi
BPCL,BR-01492,Bearing House Chennai,1255.22,50,2025-10-14,Kochi
ONGC,5001061,Schaeffler India,1473.93,10,2025-07-25,Hazira
ONGC,5001061,Bearing House Chennai,1383.4,20,2025-07-17,Hazira
ONGC,5001061,Schaeffler India,1518.43,25,2025-10-15,Hazira
GAIL,G/001290,Bearing House Chennai,1451.76,20,2025-04-18,Hazira
GAIL,G/001290,SKF India Ltd,1419.84,10,2026-06-25,Hazira
GAIL,G/001290,Schaeffler India,1505.53,400,2025-06-28,Hazira
CPCL,100001467,Schaeffler India,1379.7,100,2025-07-28,Cauvery Basin
CPCL,100001467,Bearing House Chennai,1243.99,10,2026-08-11,Cauvery Basin
CPCL,100001467,Bearing House Chennai,1357.58,25,2025-11-21,Cauvery Basin
BPCL,BR-01526,SKF India Ltd,1220.6,10,2026-05-08,Kochi
BPCL,BR-01526,Bearing House Chennai,1263.49,400,2025-10-01,Kochi
ONGC,5001086,SKF India Ltd,1513.74,100,2026-05-24,Mumbai High
GAIL,G/001322,Schaeffler India,1407.19,400,2025-05-04,Vijaipur
GAIL,G/001343,Schaeffler India,1772.65,25,2025-11-13,Hazira
GAIL,G/001343,SKF India Ltd,1851.35,25,2025-12-30,Hazira
BPCL,BR-01539,SKF India Ltd,1561.33,10,2025-12-17,Mumbai
BPCL,BR-01539,Schaeffler India,1480.04,20,2026-01-05,Mumbai
BPCL,BR-01539,Schaeffler India,1539.59,200,2025-05-12,Mumbai
BPCL,BR-01539,SKF India Ltd,1622.17,5,2026-07-15,Mumbai
ONGC,5001099,Schaeffler India,1812.99,20,2026-01-29,Mumbai High
ONGC,5001099,SKF India Ltd,1762.87,400,2026-03-25,Mumbai High
ONGC,5001099,Schaeffler India,1721.06,5,2026-05-05,Mumbai High
GAIL,G/001366,SKF India Ltd,1864.15,10,2026-07-27,Hazira
GAIL,G/001366,SKF India Ltd,1860.68,10,2026-02-17,Hazira
GAIL,G/001366,SKF India Ltd,1915.25,5,2025-07-11,Hazira
BPCL,BR-01557,SKF India Ltd,1437.9,50,2025-06-17,Mumbai
ONGC,5001100,Schaeffler India,1681.7,400,2025-07-16,Uran
ONGC,5001100,SKF India Ltd,1724.93,25,2025-04-09,Uran
ONGC,5001100,Schaeffler India,1782.77,20,2026-04-22,Uran
ONGC,5001100,SKF India Ltd,1760.92,50,2025-08-31,Uran
ONGC,5001135,Flexitallic India,538.93,400,2025-05-19,Mumbai High
CPCL,100001473,Champion Seals,513.72,10,2026-05-26,Manali
CPCL,100001473,Champion Seals,511.99,200,2026-06-01,Manali
IOCL,MAT-01258,Flexitallic India,416.63,100,2026-05-05,Mathura
ONGC,5001156,Flexitallic India,546.62,10,2025-07-16,Uran
ONGC,5001156,Flexitallic India,516.65,100,2026-06-19,Uran
ONGC,5001156,Flexitallic India,499.89,400,2026-05-09,Uran
ONGC,5001156,IGP Engineers,563.25,400,2025-11-28,Uran
ONGC,5001164,Flexitallic India,435.16,20,2025-11-30,Mumbai High
ONGC,5001164,Flexitallic India,418.93,20,2026-07-03,Mumbai High
GAIL,G/001372,Champion Seals,454.37,400,2026-04-27,Hazira
GAIL,G/001372,Flexitallic India,451.55,25,2026-01-10,Hazira
IOCL,MAT-01276,Champion Seals,363.02,25,2026-04-04,Barauni
IOCL,MAT-01276,Champion Seals,352.34,200,2026-04-03,Barauni
IOCL,MAT-01276,Flexitallic India,333.86,100,2025-05-28,Barauni
IOCL,MAT-01276,Flexitallic India,355.23,50,2026-05-24,Barauni
ONGC,5001169,Champion Seals,403.13,5,2025-05-30,Hazira
ONGC,5001169,Flexitallic India,409.7,20,2026-03-11,Hazira
ONGC,5001169,Champion Seals,407.67,100,2025-11-19,Hazira
GAIL,G/001398,Flexitallic India,454.9,50,2025-05-14,Vijaipur
GAIL,G/001398,Champion Seals,476.86,5,2025-05-27,Vijaipur
GAIL,G/001398,Champion Seals,465.99,5,2026-04-16,Vijaipur
GAIL,G/001398,Flexitallic India,462.59,400,2025-04-22,Vijaipur
IOCL,MAT-01307,Champion Seals,344.72,100,2025-07-10,Mathura
IOCL,MAT-01307,Flexitallic India,333.94,400,2025-06-04,Mathura
ONGC,5001189,Flexitallic India,454.05,5,2025-06-17,Uran
GAIL,G/001414,Flexitallic India,434.04,25,2025-05-06,Vijaipur
GAIL,G/001414,Flexitallic India,475.09,20,2025-10-09,Vijaipur
IOCL,MAT-01337,Champion Seals,341.88,200,2025-11-16,Barauni
IOCL,MAT-01337,Champion Seals,362.19,100,2025-10-22,Barauni
IOCL,MAT-01337,Champion Seals,336.46,25,2026-05-30,Barauni
GAIL,G/001424,Jindal Saw Ltd,2666.0,100,2026-07-22,Hazira
GAIL,G/001424,ISMT Ltd,2657.03,200,2026-04-12,Hazira
GAIL,G/001424,Maharashtra Seamless,2444.57,25,2025-11-02,Hazira
ONGC,5001218,Jindal Saw Ltd,2361.23,400,2025-05-16,Hazira
CPCL,100001498,ISMT Ltd,2154.57,100,2026-07-17,Cauvery Basin
BPCL,BR-01581,Jindal Saw Ltd,2095.12,25,2026-03-11,Mumbai
IOCL,MAT-01366,ISMT Ltd,1971.82,25,2025-09-29,Mathura
IOCL,MAT-01366,ISMT Ltd,1854.26,10,2026-04-26,Mathura
GAIL,G/001437,Jindal Saw Ltd,2620.5,20,2025-04-21,Hazira
GAIL,G/001437,Jindal Saw Ltd,2660.96,100,2026-04-02,Hazira
GAIL,G/001437,Maharashtra Seamless,2669.61,100,2025-05-18,Hazira
GAIL,G/001471,Ratnamani Metals,5315.01,5,2025-06-06,Hazira
ONGC,5001257,Jindal Saw Ltd,5026.74,100,2026-01-18,Hazira
GAIL,G/001505,Ratnamani Metals,5699.67,100,2025-07-11,Hazira
GAIL,G/001505,Jindal Saw Ltd,5428.47,10,2026-04-17,Hazira
GAIL,G/001505,Jindal Saw Ltd,5656.07,20,2026-07-14,Hazira
ONGC,5001268,Ratnamani Metals,5052.73,200,2026-05-23,Uran
ONGC,5001275,Kirloskar Brothers,32361.76,400,2025-07-29,Hazira
ONGC,5001275,Kirloskar Brothers,29474.2,25,2025-06-21,Hazira
ONGC,5001275,BDK Engineering,29220.25,50,2026-01-12,Hazira
CPCL,100001507,L&T Valves,29075.56,400,2025-10-06,Manali
IOCL,MAT-01397,BDK Engineering,23521.16,25,2026-05-26,Mathura
IOCL,MAT-01397,L&T Valves,23903.34,50,2025-12-06,Mathura
BPCL,BR-01612,Kirloskar Brothers,27846.38,100,2025-12-04,Kochi
GAIL,G/001520,L&T Valves,33343.04,100,2025-05-14,Hazira
GAIL,G/001520,L&T Valves,33217.39,20,2025-11-30,Hazira
ONGC,5001307,L&T Valves,29616.2,400,2026-01-17,Hazira
ONGC,5001307,BDK Engineering,29454.56,5,2026-04-15,Hazira
ONGC,5001307,Kirloskar Brothers,30255.35,50,2026-07-27,Hazira
CPCL,100001541,L&T Valves,28578.46,10,2025-08-30,Manali
CPCL,100001541,BDK Engineering,30317.98,5,2026-03-31,Manali
IOCL,MAT-01429,BDK Engineering,25943.1,10,2025-12-04,Panipat
IOCL,MAT-01429,BDK Engineering,24106.37,200,2026-01-31,Panipat
BPCL,BR-01645,L&T Valves,26128.63,25,2026-02-14,Mumbai
BPCL,BR-01645,L&T Valves,26728.58,25,2025-09-18,Mumbai
BPCL,BR-01656,L&T Valves,41127.99,100,2026-08-06,Kochi
BPCL,BR-01656,L&T Valves,37404.32,400,2025-04-04,Kochi
BPCL,BR-01656,Kirloskar Brothers,37195.14,50,2025-07-11,Kochi
GAIL,G/001526,Kirloskar Brothers,49760.28,25,2026-04-10,Vijaipur
GAIL,G/001526,L&T Valves,45488.02,50,2025-05-17,Vijaipur
GAIL,G/001526,Kirloskar Brothers,45951.36,400,2025-09-15,Vijaipur
ONGC,5001337,L&T Valves,45392.96,100,2026-01-24,Mumbai High
ONGC,5001337,Kirloskar Brothers,42346.21,20,2025-07-03,Mumbai High
ONGC,5001337,Kirloskar Brothers,47584.27,10,2026-02-24,Mumbai High
ONGC,5001337,L&T Valves,47917.95,50,2026-08-13,Mumbai High
GAIL,G/001560,Virgo Engineers,10408.03,100,2026-01-11,Hazira
GAIL,G/001560,Virgo Engineers,9942.52,50,2026-06-02,Hazira
GAIL,G/001560,Virgo Engineers,9889.48,5,2025-04-05,Hazira
IOCL,MAT-01438,Microfinish Valves,8131.73,5,2026-04-06,Panipat
IOCL,MAT-01438,Virgo Engineers,7987.36,20,2025-12-14,Panipat
IOCL,MAT-01438,L&T Valves,7521.42,200,2026-04-19,Panipat
IOCL,MAT-01438,Microfinish Valves,8015.13,10,2025-12-23,Panipat
CPCL,100001570,L&T Valves,9222.3,5,2025-07-15,Cauvery Basin
ONGC,5001362,L&T Valves,10295.32,100,2025-05-16,Hazira
ONGC,5001362,Virgo Engineers,9894.49,10,2026-04-07,Hazira
BPCL,BR-01672,Virgo Engineers,8950.81,20,2025-05-13,Kochi
BPCL,BR-01672,Virgo Engineers,8931.75,200,2026-04-22,Kochi
BPCL,BR-01672,L&T Valves,8613.19,400,2026-08-12,Kochi
GAIL,G/001581,TVS Fasteners,45.59,10,2025-05-02,Vijaipur
BPCL,BR-01681,Precision Bolts,38.97,50,2025-08-07,Kochi
BPCL,BR-01681,Sundram Fasteners,42.98,25,2025-04-29,Kochi
IOCL,MAT-01457,Sundram Fasteners,37.31,10,2026-06-28,Mathura
IOCL,MAT-01457,Sundram Fasteners,36.53,50,2026-06-29,Mathura
IOCL,MAT-01457,TVS Fasteners,36.34,100,2025-10-12,Mathura
GAIL,G/001587,Precision Bolts,45.04,5,2025-06-22,Vijaipur
GAIL,G/001587,TVS Fasteners,46.41,400,2026-06-23,Vijaipur
GAIL,G/001587,TVS Fasteners,46.23,25,2025-10-14,Vijaipur
BPCL,BR-01714,TVS Fasteners,41.23,5,2025-08-24,Kochi
IOCL,MAT-01465,TVS Fasteners,37.89,10,2025-05-02,Barauni
GAIL,G/001588,Precision Bolts,47.6,400,2025-12-22,Hazira
ONGC,5001388,Precision Bolts,197.73,10,2026-05-07,Mumbai High
ONGC,5001388,Sundram Fasteners,205.73,200,2026-02-07,Mumbai High
ONGC,5001388,Sundram Fasteners,192.96,400,2025-11-04,Mumbai High
GAIL,G/001608,Sundram Fasteners,215.24,10,2025-12-24,Vijaipur
BPCL,BR-01734,Sundram Fasteners,185.0,200,2025-09-07,Kochi
BPCL,BR-01734,Precision Bolts,181.44,10,2025-09-11,Kochi
BPCL,BR-01734,Precision Bolts,174.89,200,2026-02-25,Kochi
ONGC,5001415,Precision Bolts,192.17,100,2026-01-25,Uran
ONGC,5001415,Precision Bolts,196.63,100,2026-03-28,Uran
ONGC,5001415,Precision Bolts,202.0,400,2025-07-11,Uran
ONGC,5001415,Precision Bolts,201.07,5,2025-04-24,Uran
GAIL,G/001643,Sundram Fasteners,216.19,100,2026-02-17,Hazira
GAIL,G/001643,Sundram Fasteners,211.66,25,2026-05-04,Hazira
BPCL,BR-01751,Precision Bolts,171.61,400,2026-04-07,Mumbai
BPCL,BR-01751,Precision Bolts,180.54,400,2025-09-19,Mumbai
BPCL,BR-01751,Precision Bolts,190.98,25,2025-09-27,Mumbai
BPCL,BR-01751,Sundram Fasteners,170.06,10,2025-06-20,Mumbai
ONGC,5001416,Precision Bolts,195.24,25,2025-04-24,Hazira
ONGC,5001416,Sundram Fasteners,214.07,50,2025-05-25,Hazira
ONGC,5001416,Sundram Fasteners,198.73,10,2026-05-26,Hazira
ONGC,5001416,Precision Bolts,199.02,100,2026-06-06,Hazira
IOCL,MAT-01472,Echjay Forgings,1533.49,20,2026-07-31,Mathura
IOCL,MAT-01472,Kalikund Steel,1609.46,200,2025-12-11,Mathura
IOCL,MAT-01472,Citizen Metalloys,1696.96,25,2026-07-03,Mathura
IOCL,MAT-01472,Echjay Forgings,1655.9,100,2026-04-18,Mathura
ONGC,5001444,Kalikund Steel,2005.59,200,2025-12-07,Mumbai High
IOCL,MAT-01486,Echjay Forgings,1648.96,200,2025-05-03,Mathura
ONGC,5001480,Echjay Forgings,1978.07,25,2026-05-19,Mumbai High
ONGC,5001480,Echjay Forgings,1992.86,10,2026-06-15,Mumbai High
ONGC,5001480,Citizen Metalloys,2081.21,400,2025-10-20,Mumbai High
IOCL,MAT-01516,Citizen Metalloys,1680.87,100,2026-01-20,Panipat
IOCL,MAT-01516,Echjay Forgings,1539.7,25,2026-06-24,Panipat
IOCL,MAT-01516,Echjay Forgings,1513.85,400,2025-10-18,Panipat
IOCL,MAT-01516,Kalikund Steel,1601.48,10,2026-07-03,Panipat
ONGC,5001502,Echjay Forgings,2062.33,25,2026-01-12,Uran
ONGC,5001502,Citizen Metalloys,2018.41,400,2026-04-05,Uran
ONGC,5001502,Citizen Metalloys,1914.16,25,2025-05-05,Uran
ONGC,5001502,Kalikund Steel,1957.76,10,2025-09-11,Uran
IOCL,MAT-01541,Citizen Metalloys,1560.88,25,2025-04-01,Mathura
IOCL,MAT-01541,Echjay Forgings,1643.16,10,2025-10-13,Mathura
ONGC,5001534,Kalikund Steel,1942.01,100,2025-06-23,Uran
IOCL,MAT-01557,Flowserve India,21120.09,200,2026-01-12,Barauni
IOCL,MAT-01557,EagleBurgmann India,21589.43,5,2025-06-04,Barauni
IOCL,MAT-01557,EagleBurgmann India,21389.94,20,2026-01-20,Barauni
IOCL,MAT-01557,EagleBurgmann India,22859.88,25,2026-04-16,Barauni
ONGC,5001572,Flowserve India,25663.15,50,2025-05-27,Uran
ONGC,5001572,John Crane India,28116.21,100,2025-07-30,Uran
ONGC,5001572,Flowserve India,27898.31,200,2026-02-08,Uran
ONGC,5001572,Flowserve India,28088.62,10,2025-12-31,Uran
IOCL,MAT-01575,John Crane India,22504.68,50,2025-04-11,Mathura
IOCL,MAT-01575,John Crane India,21081.01,400,2026-06-11,Mathura
IOCL,MAT-01575,John Crane India,20629.84,400,2026-04-30,Mathura
IOCL,MAT-01575,Flowserve India,22723.41,20,2026-07-22,Mathura
ONGC,5001604,EagleBurgmann India,26533.48,10,2026-03-16,Uran
ONGC,5001604,John Crane India,28063.91,50,2026-03-15,Uran
IOCL,MAT-01595,EagleBurgmann India,21285.59,100,2025-06-27,Mathura
IOCL,MAT-01595,EagleBurgmann India,21164.86,50,2025-09-05,Mathura
ONGC,5001615,John Crane India,26454.02,20,2026-03-20,Hazira
ONGC,5001615,EagleBurgmann India,27519.39,10,2026-07-26,Hazira
ONGC,5001615,Flowserve India,28184.66,100,2025-04-21,Hazira
ONGC,5001615,Flowserve India,28471.5,10,2026-05-30,Hazira
IOCL,MAT-01597,Flowserve India,22801.63,20,2026-06-01,Barauni
IOCL,MAT-01597,John Crane India,20501.53,400,2026-06-23,Barauni
ONGC,5001631,Baumer Technologies,3452.03,10,2025-07-22,Hazira
ONGC,5001631,Wika India,3777.37,5,2025-10-06,Hazira
ONGC,5001631,Baumer Technologies,3652.99,25,2026-05-23,Hazira
ONGC,5001631,Forbes Marshall,3693.63,100,2025-11-08,Hazira
CPCL,100001588,Baumer Technologies,3338.59,200,2026-05-12,Cauvery Basin
CPCL,100001588,Forbes Marshall,3449.8,50,2025-09-30,Cauvery Basin
CPCL,100001588,Wika India,3432.71,200,2025-04-24,Cauvery Basin
GAIL,G/001681,Forbes Marshall,3873.9,200,2026-02-11,Hazira
GAIL,G/001681,Wika India,3700.95,400,2025-09-08,Hazira
GAIL,G/001681,Baumer Technologies,3955.25,5,2025-11-26,Hazira
IOCL,MAT-01606,Wika India,2857.88,50,2025-10-31,Barauni
IOCL,MAT-01606,Forbes Marshall,2995.64,100,2026-01-12,Barauni
IOCL,MAT-01606,Wika India,2968.5,50,2025-08-16,Barauni
IOCL,MAT-01606,Baumer Technologies,2684.61,50,2025-10-09,Barauni
ONGC,5001639,Baumer Technologies,3605.85,10,2025-12-14,Hazira
CPCL,100001627,Forbes Marshall,3472.69,25,2026-01-30,Cauvery Basin
CPCL,100001627,Baumer Technologies,3335.78,400,2025-05-19,Cauvery Basin
IOCL,MAT-01612,Siemens India,17370.46,25,2025-04-12,Mathura
IOCL,MAT-01612,Siemens India,17319.96,200,2026-07-13,Mathura
IOCL,MAT-01612,Siemens India,15996.46,50,2025-06-08,Mathura
GAIL,G/001697,ABB India,20425.85,10,2025-10-23,Hazira
GAIL,G/001697,Crompton Greaves,22094.91,400,2025-09-23,Hazira
ONGC,5001646,ABB India,19944.23,20,2025-09-28,Hazira
BPCL,BR-01766,ABB India,19113.0,200,2026-08-05,Mumbai
BPCL,BR-01766,Siemens India,17634.49,20,2025-09-19,Mumbai
CPCL,100001648,Crompton Greaves,17595.3,100,2025-09-30,Cauvery Basin
IOCL,MAT-01643,ABB India,15932.67,50,2026-04-08,Barauni
IOCL,MAT-01643,Crompton Greaves,15668.3,400,2025-06-10,Barauni
IOCL,MAT-01643,Crompton Greaves,16791.57,200,2026-04-20,Barauni
IOCL,MAT-01643,Siemens India,17023.92,20,2026-04-29,Barauni
GAIL,G/001721,ABB India,22749.4,5,2026-08-07,Hazira
GAIL,G/001721,ABB India,21843.44,100,2026-07-18,Hazira
GAIL,G/001721,ABB India,22469.62,10,2025-10-01,Hazira
ONGC,5001674,ABB India,21137.01,20,2025-10-25,Mumbai High
ONGC,5001674,Crompton Greaves,20633.87,25,2026-02-20,Mumbai High
