id,keep,category,group,description,organization,notes
50,,,,"HANGER FLANGE 11"" X 3.1/8"" (5000 PSI RATING) , HANGER FLANGE 11"" X 3.1/16"" (10000 PSI RATING)",Oil India Limited,
54,,,,"CABLE, PWR, 240MM2, 1C, STRANDED, AL, 11KV ( 24000 meter )",NTPC Limited,
55,,,,"OIL DUMP VALVE FOR ET, 3"" X150CL, ANGLE ,QTY -25 NOS WATER DUMP VALVE FOR ET, 2"" X150CL, ANGLE-QTY-50 NOS",Oil India Limited,
56,,,,"ALLOY STEEL LINK CHAIN, 3/8 INCH (Q3) , ALLOY STEEL LINK CHAIN, 1/2 INCH (Q3)",Oil India Limited,
58,,,,"TP304L,40S,80MM , PIPE SS,A312-TP304L,SMLS,40S,100MM",NTPC Limited,
59,,,,"2.7/8"" OD Left Hand Drill Pipes , 2.7/8"" OD Grade 'G' RH Drill Pipe",Oil India Limited,
61,,,,"Sling line/bull line, 2.3/8"" (Q3), Sling line/bull line (Q3), Wire Rope, 25 mm (1"") Wire Strand Core (Q3)",Oil India Limited,
63,,,,"Valve, Check, 1/4"" x125 PSI , Valve, Gate, API LPT, 2"" , Valve, Gate, NPT Threads , Valve, Globe, Size: 1/4"" (8.45 mm)",Oil India Limited,
67,,,,"PIPE SEAMLESS,SS,A312-TP304L,80S,15MM , PIPE",NTPC Limited,
68,,,,"PIPE: SEAMLESS,SS,A312-TP304L,80S,15MM",NTPC Limited,
70,,,,"SEAMLESS,SS,A312-TP304L,80S,25MM , PIPE",NTPC Limited,
71,,,,"LINE PIPE, 1/2"" , BLACK STEEL, ERW, SCREWED",Oil India Limited,
73,,,,"Coupling for 20"" x K55 BTC Casing (Q3) , Coupling for 9.5/8"" x N-80 BTC Casing (Q3) , Coupling for 13.3/8"" BTC Casing (Q3)",Oil India Limited,
76,,,,"F L A N G E S FLANGE, FORGED CARBON STEEL, RF, 150 CLASS, THREAD : NPT DIM.: ANSI B16.5, MATERIAL : ASTM A-105. SCOPE OF INSPECTION - B",Oil India Limited,
78,,,,"N I P P L E S NIPPLE, SWADGE, CONCENTRIC, SEAMLESS PIPE, THREAD : API LP, MATERIAL : ASTM A234 WPB, SCOPE OF INSPECTION - B",Oil India Limited,
79,,,,"SHEET, AL-AL ALY, IS737-19000H2, 0.71MM",NTPC Limited,
80,,,,"TRANSFORMER, 33 KV HT AND 415 V LT SWITCHGEARS FOR NGEL GREEN",NTPC Limited,
88,,,,"20_ M1616254395_ PIPE: IS1239-1 MEDIUM, GLV, ERW, PL, 125MM",NTPC Limited,
89,,,,"GASKET,17.5KV,1000A,AREVA , M8752065803LV",NTPC Limited,
91,,,,"LINE PIPE, 1/2"" , ERW, GI SCREWED",Oil India Limited,
92,,,,"LINE PIPE, 2"" , BLACK STEEL, ERW, SCREWED",Oil India Limited,
94,,,,"Line Pipe, Steel, ERW, Size:114.3 mm (4.1/2"")",Oil India Limited,
95,,,,"Supply of Double Pack Off Flange 11"" x 10M , DOUBLE PACK OFF FLANGE 13.5/8"" x5M-5M , DOUBLE PACK OFF FLANGE 11"" x10M-11"" x10M",Oil India Limited,
97,,,,"M2430715563: ELECTRODE-HARD FCNG, TUBULR, 6.3X350- 450MM , M2430725562: ELECTRODE-HARD FCNG, TUBULAR, HI TMP, 400MM",NTPC Limited,
99,,,,"TRANSFORMER, 33 KV HT AND 415 V LT SWITCHGEARS,",NTPC Limited,
101,,,,"BLIND FLANGE ASSY, 3.1/16"" X 10M",Oil India Limited,
105,,,,"Pressure Gauge, Range: 0-21 Kg/cm. Sq. 65 mm, Pressure Gauge, Range: 0-60 PSI",Oil India Limited,
106,,,,"Procurement of Pipe Fittings (Tee, Equal, FCS,6000 PSI, API LP, Size:2"" & Tee, Equal, API LPT, FS, 2""x10000 PSI)",Oil India Limited,
107,,,,"Supply of Chain Roller, 1.1/4"" Pitch, Sextuple , Chain, 2"" Pitch, Double Strand, Cottered",Oil India Limited,
110,,,,"5.1/2"" Casing P110 BTC , Nipple for 5.1/2"" Casing P110 BTC",Oil India Limited,
111,,,,"73.02 MM (2.7/8"" ) API GRADE G-105 LEFT HAND CONNECTION DRILL PIPE",Oil India Limited,
112,,,,"Casing, 9-5/8"" X 47 PPF X P-110 BTC (Q3) , Casing Nipple, 9- 5/8"" , P-110 BTC (Q3) , Coupling for 9-5/8"" x P-110 BTC Casing (Q3)",Oil India Limited,
118,,,,"M1613517861_ PIPE, BLK, CS, FE410, 9.5MM, 508MM, 500MM ( 4000 meter )",NTPC Limited,
119,,,,"P. V. C. PIPE, O/D-110MM, W/THICK-4.3MM",Oil India Limited,
120,,,,Hydraulically Operated Gate Valve; 77.787 mm x 703.23 Kg/Sq cm (Qty: 02Nos.) & 79.375 mm x 351.62 Kg/Sq cm,Oil India Limited,
121,,,,"BUSHING,MP and GASKET,3.6KV,2000A,AREVA ,",NTPC Limited,
125,,,,"LINE PIPE, 1"" , BLACK STEEL, ERW SCREWED (Q3)",Oil India Limited,
127,,,,"LINE PIPE, 4"" , ERW GALVANISED, SCREWED (Q3)",Oil India Limited,
128,,,,"LINE PIPE, 6"" , ERW GALVANISED, SCREWED (Q3)",Oil India Limited,
129,,,,"SHEET,SS,AISI304,4MM",NTPC Limited,
130,,,,"2.1/16"" x 5000 PSI WP (52.3875 mm x 351.62 kg/sq cm) Choke manifold with Remote Control Panel (Q3)",Oil India Limited,
132,,,,"M. S. STRUCTURAL PLATE, SIZE: 1.6 MM X 2500 MM X 1250 MM (Q3)",Oil India Limited,
134,,,,"TRANSFORMER, 33 KV HT AND 415 V LT SWITCHGEARS FOR NGEL",NTPC Limited,
135,,,,"GRASS CUTTING MACHINE , DRUM TROLLEY , VERTICLE BENCH DRILL MACHINE , HEAVY DUTY PEDESTAL GRINDER WITH STARTER , WASTEBIN",Oil India Limited,
136,,,,"FENCING JINGLE WIRE, 3"" X 42""",Oil India Limited,
137,,,,"HOSE, HYDRAULIC, SIZE: 2"" x 3 MTRS",Oil India Limited,
141,,,,"S:ASA:B16.5 CL-150 A182:SLIP-ON:200MM, FLANGE",NTPC Limited,
145,,,,"TP304L,80S,32MM , PIPE SEAMLESS,SS,A312",NTPC Limited,
147,,,,"TP304L,80S,50MM , PIPE SEAMLESS,SS,A312",NTPC Limited,
148,,,,"60.3 mm O.D. seamless steel line pipe, grade: B, API 5L. Qty: 28,000 Mtrs",Oil India Limited,
153,,,,"M8275900601: LIGHTING PANEL: 415V, 63A, 18WAY, LP-1",NTPC Limited,
157,,,,"Flange, FCS, RTJ, 5000 PSI, Size: 4""",Oil India Limited,
158,,,,"SPOOL 11"" X 5000 PSI TOP FLANGE , Casing Head Housing, 13.3/8"" x5000 PSI BTC",Oil India Limited,
161,,,,"Coupling for 5.1/2"" P110 BTC Casing (Q3) , Casing Nipple for 5.1/2"" P110 BTC Casing (Q3",Oil India Limited,
165,,,,Wire Rope; 29 mm Dia; Qty: 04 Reel & 35mm Dia; Qty: 08 Reel,Oil India Limited,
167,,,,"Tube,strt,as,a213- t23,38.1mm,8.13mm",NTPC Limited,
169,,,,"10_ M1616248370_ Pipe: Is1239-1 Medium, Glv, Erw, Pl, 100mm",NTPC Limited,
172,,,,"11KV DG Sets, Fire Water Pump House, 33KV and 11KV Transmission Line,",NTPC Limited,
175,,,,"Hose, Pump Suction, Size: NB250x1600mm, Hose, Pump Suction, Size: NB250x1900mm, Hose, 3"" ID x 10000 mm Long",Oil India Limited,
176,,,,"LT PANEL AND SUPPLY OF 50HP, 40HP AND 20HP STARTER",Oil India Limited,
179,,,,"Supply of Flange, Companion, 3.1/16"" x 10000 PSI",Oil India Limited,
184,,,,"800 Nos. Bend, 90 Degree with coupling, Size : 100 mm (4"")",Oil India Limited,
185,,,,"Back Pressure Valve Installation & Removal Tool, 5000 psi WP, Service General, Material: AISI 4140/4130, stroke length 144""(Min)",Oil India Limited,
187,,,,"Supply of Flange , Adapter , Hanger, RTJ RX type, Tubing Head Spool, Ring Joint Gasket, RX-46 SS316 & Ring Joint Gasket, RX-35 SS316",Oil India Limited,
190,,,,"FLP CABLE GLAND, 1"" ET, 19 mm OD",Oil India Limited,
192,,,,"3.1/8"" X 5, 000 PSI CHOKE MANIFOLD WITH REMOTE CHOKE CONTROL PANEL AND ACCESSORIES",Oil India Limited,
193,,,,"114.3 mm O.D. seamless steel line pipe, grade X 46, API 5L. Qty: 73,000 Mtrs",Oil India Limited,
194,,,,"114.30 mm O.D. seamless steel line pipe, grade X 60, API 5L. Qty: 70,000 Mtrs",Oil India Limited,
196,,,,"3.1/8"" X 5, 000 PSI CHOKE MANIFOLD WITH REMOTE CHOKE CONTROL PANEL AND ACCESSORIES (Q3)",Oil India Limited,
197,,,,"Fire Hose 4 inch X 15 mtrs. , Fire Hose 6 inch X 15 mtrs",Oil India Limited,
198,,,,"Line Pipe, 101.6 mm, Seamless, BE, 19 PPF, Qty: 50 KM",Oil India Limited,
205,,,,4.3/4 INCH DRILL COLLAR and LIFTING PLUG SUPPLY OF 4.3/4 INCH DRILL COLLAR and LIFTING PLUG,Oil India Limited,
207,,,,"ELEVATOR FOR 2.7/8"" SLH-90 DRILL PIPE, 250 TON",Oil India Limited,
208,,,,"Fabrication of 30’’ (764mm) OD conductor pipe from 16mm thick steel plate, IS 2062, Grade ”B” of 5m length each",Oil India Limited,
212,,,,"Tube,strt As,a213- t23,50.8mm,8.64mm",NTPC Limited,
213,,,,"Tube,strt As,a213- t23,54mm,9.14mm",NTPC Limited,
214,,,,"M9215306536_ BATTERY, RECH, LEAD ACID, 220V, 400AH, SAN (LEAD ACID BATTERY)",NTPC Limited,
216,,,,"BAR, TMT - STEEL QTY. 70000 KG",Oil India Limited,
218,,,,"CCS GATE VALVE SIZE: 6"" X150 (Q3)",Oil India Limited,
219,,,,"TEMPERATURE TRANSMITTER NSPL, 0-80 DEG C",Oil India Limited,
221,,,,"20_ M1616254395_ PIPE: IS1239-1 MEDIUM, GLV, ERW, PL, 125MM ( 300 meter )",NTPC Limited,
222,,,,M1634752993: BSLT-L PIPE: FE-410: 500NB: 26.35MM: 6 M ( 165 the number pi ),NTPC Limited,
223,,,,"11-3.3/0.415 kV, 500 KVA Dual Core Dry Type Transformer",Oil India Limited,
224,,,,"M. S. Plate, Size: 1.6 mm X 2500mmX 1250mm",Oil India Limited,
225,,,,"M. S. Plate, Size: 3.15mmX2500mmX1250mm, M S Plate, Size: 10 X 2500 X 1250 mm",Oil India Limited,
226,,,,"SUPPLY OF 3.3/0.415 kV, 200 KVA TRANSFORMER",Oil India Limited,
227,,,,"Star-Delta Starter for 75 KW (100 HP) , 415 V, 3 Phase Induction Motor",Oil India Limited,
228,,,,"Supply of M. S. Plate, Size: 25mm X 2500mm X 1250mm",Oil India Limited,
229,,,,"Supply of Mesh 1.6 mm, width 36"" (91.44 cm) , strand gauge 24",Oil India Limited,
230,,,,114.30 MM (4.1/2&quot;) API GRADE G-105 DRILL PIPE,Oil India Limited,
231,,,,"127.00MM API Grade 'G' Drill Pipe. Qty: 10,000 Mtr",Oil India Limited,
232,,,,"3 LPE COATED LINE PIPE, 406.4 mm OD, API-5L GR-46, ERW/LSAW (PSL-2), 11.91 mm WT",Oil India Limited,
236,,,,Cement Additives: Cement Friction Reducer (Qty: 14 MT); Low To Moderate Temp. Cement Retarder (Qty: 20 MT); High Temperature Cement Retarder,Oil India Limited,
238,,,,M1634752993: BSLT-L PIPE: FE- 410: 500NB: 26.35MM: 6 M(165),NTPC Limited,
239,,,,"PROCUREMENT OF VRLA ,150AH,12V DRY BATTERY WITH BUYBACK OF OLD BATTERY BANK FOR CO2 PLANT AT NTPC VSTPP",NTPC Limited,
240,,,,"ALLOY STEEL FULL THREADED STUD BOLT, MATERIAL - ASTM A-193, GRADE B7 OR EN19 WITH 2 (TWO) HEAVY HEXAGONAL NUTS",Oil India Limited,
241,,,,"FLEXIBLE STEEL HOSE, 1"" x 5000 psi WP",Oil India Limited,
242,,,,"SUPPLY, INSTALLATION & COMMISSIOINING OF TRAILER MOUNTED 10,000 PSI WP TWIN PUMP CEMENTING UNIT WITH TRACTOR",Oil India Limited,
246,,,,M8523453956N: S/W GEAR: 420KV BUS POST INSULATOR,NTPC Limited,
250,,,,"TP304L,40S,80MM , PIPE",NTPC Limited,
253,,,,"TP304L,80S,50MM , PIPE",NTPC Limited,
259,,,,"Galvanised Wire 8 SWG , Galvanised Wire Netting , Galvanised Wire 14SWG , G I Binding Wire 10 SWG",Oil India Limited,
260,,,,"Line Pipe, 101.6 mm, Seamless, BE, 12.66 PPF. Qty: 63.50KM",Oil India Limited,
261,,,,"Line Pipe, 150 mm, ERW, Bevelled, API 5L. Qty. : 2 KM",Oil India Limited,
262,,,,"Line Pipe, 250 mm, ERW, Bevelled, API 5L. Qty. : 500 M",Oil India Limited,
265,,,,M8523453956N: S/W GEAR: 420KV BUS POST INSULATOR WITH C,NTPC Limited,
266,,,,M8523453956N: S/W GEAR: 420KV BUS POST INSULATOR WITH C(9),NTPC Limited,
269,,,,"BUSHING 11 KV 2000 A, TRANSFORMER BUSHING 3.6 KV",NTPC Limited,
270,,,,"BUSHING 3.3 KV 630 A, TRANSFORMER BUSHING 3.3 KV",NTPC Limited,
271,,,,"Distribution Transformer, 3 Phase, 33 KV, > 200 KVA Up to",NTPC Limited,
272,,,,"IMASS S.A GREECE A FABRIC BELT UPTO 2400 MM WIDTH ,",NTPC Limited,
273,,,,"Transformer, 3 Phase, 33 KV, > 200 KVA Up to and including",NTPC Limited,
274,,,,"bags of capacity 50 kg each, conforming to IS 11652: 1986, bearing",NTPC Limited,
275,,,,CONVEYOR BELT (NN / EP) ABOVE 1400MM WIDTH AND UPTO 1600MM WIDTH,NTPC Limited,
276,,,,CONVEYOR BELT (NN/ EP) ABOVE 1600MM WIDTH AND UPTO 1800MM WIDTH,NTPC Limited,
277,,,,CONVEYOR BELT (NN/ EP) ABOVE 1800MM WIDTH AND UPTO 2000MM WIDTH,NTPC Limited,
278,,,,CONVEYOR BELT (NN/ EP) ABOVE 2000MM WITDH AND UPTO 2200MM WITDH,NTPC Limited,
284,,,,"Line Pipe, 6"" & 10"", Steel, ERW Bevelled",Oil India Limited,
285,,,,"Line Pipe, Seamless, 1"" & 1/2"" S&C",Oil India Limited,
287,,,,3.1/2 INCH DRILL COLLAR & LIFTING PLUG,Oil India Limited,
288,,,,4.3/4 INCH DRILL COLLAR & LIFTING PLUG (Q3),Oil India Limited,
291,,,,"Line Pipe, 25.4 mm, Seamless. Qty: 3.5 KM",Oil India Limited,
292,,,,POOR BOY SWIVEL (CIRCULATING HEAD) FOR 3.1/2 INCHES DRILL PIPE,Oil India Limited,
294,,,,SPECIFICATIONS FOR 3.1/2 INCH DRILL COLLAR & LIFTING PLUG,Oil India Limited,
295,,,,SUPPLY OF 3.1/2” API GRADE G DRILL PIPE,Oil India Limited,
296,,,,"Shear Pin Type 2"" , Pressure Relief Valve, , Shear Pin, Size 30 Penny , Shear Pin, size 40 penny",Oil India Limited,
299,,,,"100MM , 20_ M1616254395_ PIPE: IS1239-1 MEDIUM, GLV,",NTPC Limited,
300,,,,"API 600 Gate valve 16"", 24""",Oil India Limited,
301,,,,"API 600 Gate valve 8"", 10""",Oil India Limited,
304,,,,"Supply of DBL Plug Cementing Head ,DBL Double plug cementing Head 9.5/8"" OD casing ,circulating head ,kelly saver",Oil India Limited,
305,,,,"Supply of Wing Union, 2"" x 10, 000 PSI , Seal Ring (09475329) , Seal Ring (09475331)",Oil India Limited,
307,,,,"244.475 MM OD STEERABLE DOWNHOLE MUD MOTOR, SUITABLE FOR DRILLING 444.50 MM HOLE WITH ALL ACCESSORIES. (QTY: 2 NOS.)",Oil India Limited,
308,,,,BJ Model FAS-LOK or Equivalent 13.3/8 inch (339.75mm) Single Plug type,Oil India Limited,
310,,,,"Casing Head Housing, 20"" x13.3/8"" x3000 PSI (Q3) , Slip Seal Assembly for above housing (Q3) , Plug tester suitable for above housing (Q3)",Oil India Limited,
311,,,,"SPARES FOR 2000 HP VFD RIG, HRC Fuse Link, 170M8650 1000V, 1000A , For ABB make Inverter incomer",Oil India Limited,
312,,,,"Spool 11 inch , 7 inch Slip and Seal Assembly , Slip Seal Assy , X-Type Bushing , Plug Tester for",Oil India Limited,
313,,,,"Union, Wing, Rigid type, 2"" x 6000 PSI(OIL MATERIAL CODE: 09474645) (Q3)",Oil India Limited,
314,,,,"4000 A, TRANSFORMER BUSHING 17.5 KV 1000 A,",NTPC Limited,
316,,,,"M8752065802 HV BUSHING,MP And GASKET,17.5KV,1000A,AREVA",NTPC Limited,
318,,,,"Pipe Seamless,ss,a312-tp304l,40s,80mm",NTPC Limited,
319,,,,"Pipe Seamless,ss,a312-tp304l,80s,25mm",NTPC Limited,
320,,,,"Pipe Seamless,ss,a312-tp304l,80s,40mm",NTPC Limited,
321,,,,"Pipe Seamless,ss,a312-tp304l,80s,50mm",NTPC Limited,
328,,,,"Line Pipe, 1/4"" , Seamless, S&C",Oil India Limited,
330,,,,"100 mm, ERW, API 5L, Steel line pipe. Qty: 13 Kms",Oil India Limited,
332,,,,"API Spec. 7K, Grade B, Rotary Drilling Hose, Qty: 20 Nos",Oil India Limited,
333,,,,"Construction of bituminous road by 100mm thick Granular sub base, 150 mm WBM, 20mm thick Premixing with Seal Coat",Oil India Limited,
335,,,,"Line Pipe, 100mm, Seamless, API 5L. Qty. : 10 KM",Oil India Limited,
336,,,,"Line Pipe, 114.3 mm, Steel, ERW. Qty: 15 KM",Oil India Limited,
342,,,,"Line Pipe, 50.8 mm, Seamless,Qty: 6 KM",Oil India Limited,
343,,,,"Tubing Head Assembly 7.1/16"" x 11"" X 5M (03548524) (Q3) , API Ring Gasket RX-46 (03532236) (Q3)",Oil India Limited,
347,,,,SCOOP COUPLING & 11 KV 1600 KW FOR OTHER,NTPC Limited,
349,,,,"11/0.415 kV, 500 KVA Transformer",Oil India Limited,
350,,,,"2.7/8"" Mud Motor, SRP rods etc",Oil India Limited,
351,,,,"API 600 Cast Carbon Steel Gate Valve Size: 4'', Class 150",Oil India Limited,
352,,,,MS PLATE MS PLATE,Oil India Limited,
353,,,,MS STRUCTURAL PLATE (1.6X 2500X 1250MM),Oil India Limited,
354,,,,"MS Stranded Galvanized Guy Wire, 3/8"" inc",Oil India Limited,
355,,,,"Supply of 11/0.415kV, 800KVA Transformer",Oil India Limited,
358,,,,50.8 mm X 140.6 Kg/Sq.cm Rotary Drilling Hose. Qty: 20 Nos,Oil India Limited,
360,,,,"Bids for PROCUREMENT OF LINE PIPE, 4inch(QTY-4,100 MTRS)",Oil India Limited,
361,,,,"Blind Flange Assy, 2.1/16"" x 10M",Oil India Limited,
365,,,,"LINE PIPE LINE PIPE 100 MM (4"")",Oil India Limited,
369,,,,"External Tank Insulation: (i) Polyurethane Foam, (ii) Thickness: 250 mm (Min), (iii) Specialized Cryogenic Vapor Barrier Membranes,",NTPC Limited,
370,,,,"Wear Parts (Grinding Rolls & Bull Ring Segment) of Raymond Bowl Type XRP / HP Pulverisers, Grinding Roll size 48/50/62/63 inches",NTPC Limited,
372,,,,"SPARK PLUG,18 MM SP 20 FOR WAUKESHA GAS ENGINES Part No.60999G",Oil India Limited,
373,,,,400NB ERW Pipe (FE410) for thickness range 6.3 to 10 mm (CAT-2),NTPC Limited,
374,,,,450NB ERW Pipe (FE410) for thickness range 6.3 to 10 mm (CAT-1),NTPC Limited,
376,,,,"5 HP FLP DOL STARTER WITH EARTH LEAKAGE PROTECTION, 15 HP FLP DOL STARTER WITH EARTH LEAKAGEPROTECTION",Oil India Limited,
386,,,,SUPPLY OF SKID MOUNTED SINGLE DRUM (2.34MM OD X 5486400 MM CAPACITY) WIRELINE WINCH UNIT COMPLETE WITH ALL ACCESSORIES. (QTY: 2 NOS.),Oil India Limited,
387,,,,"Sinker Bar Assembly (LEAD) 1.11/16"" X5’ (70016955) (Q3) , Sinker Bar Assembly (LEAD) 1.11/16"" X3’ (70019215) (Q3)",Oil India Limited,
391,,,,"1000 A, TRANSFORMER BUSHING 17.5 KV 1000 A",NTPC Limited,
393,,,,"FORECH CHENNAI A FABRIC BELT UPTO 2000 MM WIDTH ,",NTPC Limited,
395,,,,"PHOENIX CONVEYOR BELT KOLKATA A FABRIC BELT UPTO 2200 MM WIDTH,",NTPC Limited,
396,,,,SWIMS TECHNOLOGIES HUBLI A CI/ DI BUTTERFLY VALVE UP TO 1000MM,NTPC Limited,
398,,,,"TRANSFORMER BUSHING 11KV HV BUSHING 250 A,",NTPC Limited,
399,,,,"TRANSFORMER BUSHING 3.6 KV 2000 A, TRANSFORMER",NTPC Limited,
400,,,,"TRANSFORMER BUSHING 33KV 630 A, TRANSFORMER",NTPC Limited,
401,,,,VALVE-BALL > 100 MM OR CLASS > 800;,NTPC Limited,
404,,,,"SITC of 33/61 MVA, 132/11.5KV Station Transformer for NTPC Rihand",NTPC Limited,
407,,,,"5-WAY 11 KV, SF6 GAS INSULATED RING MAIN UNIT",Oil India Limited,
408,,,,"8.0"" (INCH) OD SPIRAL DRILL COLLAR & LIFTING PLUG and 9.1/2"" (INCH) OD SPIRAL DRILL COLLAR & LIFTING PLUG",Oil India Limited,
409,,,,COLUMN PIPE W/COUPLING SIZE 100 MM,Oil India Limited,
411,,,,"Line Pipe, 1"" , ERW Galvanised, Screwed",Oil India Limited,
413,,,,"Line Pipe, 2"" , ERW Galvanised, Screwed",Oil India Limited,
414,,,,"Line Pipe, 4"" , ERW Galvanised, Screwed",Oil India Limited,
415,,,,"Line Pipe, 6"", Steel, ERW Bevelled",Oil India Limited,
418,,,,"250 mm ERW Line pipe, API-5L, QTY: 500m",Oil India Limited,
420,,,,"50 mm seamless line pipe, bevel ended, API 5L,",Oil India Limited,
422,,,,"API 6A gate valve;10,000 PSI .Qty: 40 nos",Oil India Limited,
424,,,,"Circulating Hose, 10,000 PSI. Qty: 24 Nos",Oil India Limited,
425,,,,"Flange, RTJ, 50 mm NB, 2500 Class Flange",Oil India Limited,
426,,,,"Gate Valve, 52.39 MMX5000 PSI, API 6A. Qty: 200 Nos",Oil India Limited,
427,,,,"High Pressure Gate Valve , Class 1500 , 25 MM NB Size, Forged Carbon",Oil India Limited,
429,,,,"Line Pipe, 2"" , Black Steel, ERW Screwed (Q3)",Oil India Limited,
430,,,,"Line Pipe, 2"" , ERW Galvanised, Screwed (Q3)",Oil India Limited,
432,,,,"Line Pipe, 8"" , Steel, ERW Screwed (Q3)",Oil India Limited,
433,,,,"Line pipe, 50 mm, API 5L screwed & coupled. Qty : 6 Km",Oil India Limited,
439,,,,"Valve,Gate,1.13/16""x10000 PSI Flgd.R.J",Oil India Limited,
442,,,,16MEG-23 - MS Pipe / Tube (15mm,NTPC Limited,
443,,,,2.0 MEG DESCRIPTION CONVEYOR BELT (NN / EP) above 1400 mm width,NTPC Limited,
444,,,,2.0 MEG DESCRIPTION CONVEYOR BELT (NN/ EP) above 1600 mm width,NTPC Limited,
445,,,,2.0 MEG DESCRIPTION CONVEYOR BELT (NN/ EP) above 1800 mm width,NTPC Limited,
448,,,,"M2430725562: ELECTRODE-HARD FCNG, TUBULAR, HI TMP, 400MM ( 900 kilogram )",NTPC Limited,
451,,,,"and Including 1.1 KV Marked To IS 7098 (Part 1), Slip Gauge",NTPC Limited,
452,,,,"Wear Parts (Grinding Rolls and Bull Ring Segment) of Raymond Bowl Type XRP / HP Pulverisers, Grinding Roll size 36/37/43 inches",NTPC Limited,
454,,,,"60 KVA Isolation Transformer, 25 KVA Lighting Transformer",Oil India Limited,
457,,,,Coupling and Nipple for 5.1/2 inch P110 casing,Oil India Limited,
459,,,,"SINGLE CORE 25 SQ MM COPPER CABLE, 0.75 SQ MM MULTISTRAND ,PVC EARTHING CABLE, 6 sq mm EARTHING CABLE, 2.5 sq mm EARTHING CABLE",Oil India Limited,
460,,,,Supply of Socket Wrench for 2.1/4 inch Stud,Oil India Limited,
461,,,,254.00 mm Line Pipe & Accessories. Qty: 12000 Mtrs,Oil India Limited,
465,,,,Procurement of 5 inch and 4-1/2 inch Heavy Weight Drill Pipe,Oil India Limited,
466,,,,"Replaceable Sleeve Stabilizer, 311.15 mm, In String (Qty: 10 Nos.) & Near Bit (Qty: 08 Nos.)",Oil India Limited,
467,,,,"Replaceable Sleeve Stabilizer, 444.50 mm, In String (Qty: 05 Nos.) & Near Bit (Qty: 04 Nos.)",Oil India Limited,
469,,,,"Valve Gate 2.1/16""x5000 PSI API 6A Trim U-A",Oil India Limited,
471,,,,"Wireline Bridge Plug, Qty.: 70 Nos. and Adapter Kit, Qty.: 05 Nos. for 139.70 mm Casing",Oil India Limited,
473,,,,CONVEYOR BELT (NN/ EP) above 2000 mm width and Upto 2200 mm Width,NTPC Limited,
475,,,,"Manual Winches, EOT Crane, Platform Trolley (V3), Ground Enhancement Material, Fitness Tube",NTPC Limited,
476,,,,LAYING OF 1100MTRS 1 RUN 3CX150SQMM OF CABLE FEEDER FROM MCC1D TO GRAB UNLOADERS THRUOGH HDPE PIPE USING HDD METHOD AT NTECL,NTPC Limited,
478,,,,"11 kV VCB Switch board with 8 nos. VCB Panel along with control supply and other accessories , 11KV, 3 Phase Cable Termination KIT",Oil India Limited,
480,,,,"Bids for PROCUREMENT OF M.S.PLATE SIZE: 3.15mmX2500mmX1250mm (QTY-50,000 KG)",Oil India Limited,
481,,,,"Bids for the supply of 25 Nos. of Valve Gate, 1.13/16inch multiply 10000 PSI Flanged. R. J. through E-Procurement",Oil India Limited,
483,,,,CAST CARBON STEEL API 600 GATE VALVE: 101.6MMx900 CLASS RTJ FLANGED ENDS (QTY: 54 NOS.),Oil India Limited,
484,,,,"Chickson Joint (Swivel Steel Hose) assembly, 2"" NB x 6000 Psi WP, 12 ft",Oil India Limited,
485,,,,"Construction/Repairing of Bituminous road by 75 mm thick WBM, 20 mm thick Premixing with Seal Coat",Oil India Limited,
486,,,,"Gras cutting and removing creepers/wild growth from inside Tank- Farm area at PS-3, Jorhat",Oil India Limited,
493,,,,12. Valve size up to 900NB / Class up to 4500 / Unit size up to 800MW,NTPC Limited,
494,,,,14. Valve size up to 900NB / Class up to 4500 / Unit size up to 800MW,NTPC Limited,
495,,,,300 (VALVE- DUAL PLATE CHECK UP TO 600MM &,NTPC Limited,
498,,,,HINDUSTAN RUBBER SILVASA A FABRIC BELT UPTO 1600 MM WIDTH,NTPC Limited,
499,,,,MRF CHENNAI A FABRIC BELT UPTO 1600 MM WIDTH,NTPC Limited,
501,,,,"Procurement of 250 MVA, 18/ 400 KV Generator Transformer for",NTPC Limited,
502,,,,RAVASCO TRANSMISSION LTD. VAPI A FABRIC BELT UPTO 2200 MM WIDTH,NTPC Limited,
503,,,,SEMPELTRAN NIRLON MUMBAI A FABRIC BELT UPTO 1600 MM WIDTH,NTPC Limited,
505,,,,TRANSFORMER BUSHING 1.1 KV LV,NTPC Limited,
512,,,,TRANSFORMER BUSHING 3.6 KV 2000 A,NTPC Limited,
513,,,,VALVE-BUTTERFLY > 600MM OR CLASS>150,NTPC Limited,
515,,,,VALVE-PLUG > 100 MM OR CLASS > 800(VALVE,NTPC Limited,
516,,,,"hot vulcanizing) for NN / EP conveyor belt, of belt width 800 mm",NTPC Limited,
519,,,,KNIFE EDGE GATE VALVE UP TO 350NB,NTPC Limited,
521,,,,PROCUREMENT OF 300NB SLEEVE COUPLING ASSEMBLY,NTPC Limited,
525,,,,100 HP FLP AC INDUCTION MOTOR,Oil India Limited,
526,,,,"3.5"" STAINLESS STEEL (SS) LINE PIPE",Oil India Limited,
527,,,,5 HP SUBMERSIBLE SEWAGE PUMP,Oil India Limited,
532,,,,SUPPLY OF 5 HP VERTICAL SUBMERSIBLE PUMP-SET,Oil India Limited,
534,,,,Supply of 22 mm & 16 mm Round Steel Wire Ropes and their installation in 50 MT EOT Crane,Oil India Limited,
536,,,,"Supply of Bridge Plug, Size: 7"" OD",Oil India Limited,
537,,,,"Supply of Chain Tongs, Heavy Duty, Lenght 37""",Oil India Limited,
541,,,,1000KVA TRANSFORMER,Oil India Limited,
544,,,,"150 mm ERW Line pipe, Bevel Ended, API 5L",Oil India Limited,
549,,,,"50 mm seamless line pipe, screwed and coupled, API 5L",Oil India Limited,
553,,,,Bids for the supply of 35000 Metres of 2 inch 50 MM API 5L Grade B SEAMLESS STEEL LINE PIPE through E Procurement,Oil India Limited,
556,,,,"Cement Friction Reducer, Qty. : 14 MT",Oil India Limited,
559,,,,Double Studded Adapter Flange; 346.075 mm. Qty.: 20 Nos,Oil India Limited,
560,,,,FLP 100 HP 3PH AC INDUCTION MOTOR FOR DRILLING RIG,Oil India Limited,
563,,,,"Gate Valve, 2"" x 300 Class, API 6D",Oil India Limited,
566,,,,LINE CASING PIPE 20INCH AND CROSS OVER,Oil India Limited,
569,,,,"Logging Cable, 7.94 MM O.D .Qty:2 Roll",Oil India Limited,
573,,,,ROTARY HAND SLIP FOR 2.7/8&quot; OD DRILL PIPE,Oil India Limited,
574,,,,"ROTARY HAND SLIP FOR 5"" DRILL PIPE",Oil India Limited,
575,,,,SUPPLY OF 5 HP SUBMERSIBLE PUMP SETS – QTY = 60 NO,Oil India Limited,
576,,,,SUPPLY OF HOT ROLLED MS PLATE – QTY = 40 NO,Oil India Limited,
579,,,,"Supply of M.S. Plate, (Qnty:- 35000 Kg.)",Oil India Limited,
580,,,,TMT BAR – 80 MT,Oil India Limited,
583,,,,WINDING OF DRY TYPE 500KVA TRANSFORMER,Oil India Limited,
584,,,,"Wire rope, 16 mm (5 / 8”)",Oil India Limited,
585,,,,"Distribution Transformer, 3 Phase, Up to and including 200 KVA",NTPC Limited,
591,,,,"Title SITC of 33/61 MVA, 132/11.5KV Station Transformer for NTPC Rihand",NTPC Limited,
592,,,,"Work Description SITC of 33/61 MVA, 132/11.5KV Station Transformer for NTPC Rihand",NTPC Limited,
594,,,,"Wear Parts (Grinding Rolls and Bull Ring Segment) of Raymond Bowl Type XRP / HP Pulverisers, Grinding Roll size 28/29 inches",NTPC Limited,
597,,,,MS Bar MS Bar,Oil India Limited,
600,,,,"GRASS CUTTING AND UPKEEPMENT AT INDUSTRIAL AREA AND STAFF GUEST HOUSE ETC AND JUNGLE CUTTING IN PUMP STATION ROW AT PS-2, MORAN",Oil India Limited,
602,,,,PROCUREMENT OF 8.1 2 inchs FUSE TEK PDC BITS or KYMERA PDC BITS,Oil India Limited,
603,,,,"Providing chain link fencing at staff quarter of PS3, Jorhat including supply of all materials, cement, MS Bar etc",Oil India Limited,
604,,,,"Replaceable Sleeve Stabilizer, In String design with extra sleeves, 304.8 mm O.D. Qty: 04 Nos",Oil India Limited,
605,,,,"Sucker Rod manufactured in accordance with API Spec 11B. Type: Steel, Grade: """"D",Oil India Limited,
611,,,,"above the water capacity. The tank sha, be fabricated out of ss 316 prates of min. 5 mm thick for the bottom",NTPC Limited,
613,,,,"Supply of Casing for Gas Chulah-Fabricated from 152.4 mm(6"" ) Pipe, Painted with Redoxide paint",Oil India Limited,
614,,,,"2"" X 1500 Class API 6D PLUG VALVE (Q3) , 3"" X 1500 Class API 6D PLUG VALVE (Q3)",Oil India Limited,
616,,,,"Bids for SUPPLY OF 33KV, 3 x 300 sqmm XLPE ARMOURED ALUMINIUM CABLE QTY equal 1000 METERS",Oil India Limited,
617,,,,"Bids for the supply of 25 Nos. of Valve Gate, 1.13 16 inchs x 10000 PSI Flanged. R. J. through E-Procurement",Oil India Limited,
619,,,,Grass cutting and removing creepers/wild growth from inside the Industrial and Tank-Farm area,Oil India Limited,
620,,,,PROCUREMENT OF DOUBLE PLUG CEMENTING HEAD 9.5/8 inchs TOTAL QUANTITY 01 NOS,Oil India Limited,
626,,,,"Steel pipe with wrapping coating + 800mm nominal diameter, 20km route",NTPC Limited,
627,,,,mm; we propose to upgrade the system with a 400 mm electrode spacing,NTPC Limited,
629,,,,"7"" Casing, Csg short joints and Coupling",Oil India Limited,
631,,,,"Line Casing Pipe, 20"" and Crossovers",Oil India Limited,
633,,,,"Line Pipe - 3/4"" ERW Galvanised Screwed",Oil India Limited,
635,,,,"Measuring wire, 0.108 inch diameter (slickline)",Oil India Limited,
636,,,,"Spark Plug,14 mm",Oil India Limited,
638,,,,"Supply of CGI SHEET-2500 mm (8 Ft.), Class-4",Oil India Limited,
639,,,,"Supply of TMT Bar, 8 MM",Oil India Limited,
640,,,,"TMT Bar, 8 MM Dia",Oil India Limited,
643,,,,101.60 mm Plug Valves. Qty. : 78 Nos,Oil India Limited,
644,,,,11.9 mm O.D. Wireline Logging Cable. Qty: 02 Reel,Oil India Limited,
646,,,,127.00 mm OD Drill Pipe. Qty: 5000 Nos,Oil India Limited,
649,,,,29.00 mm Wire Rope/Line,Oil India Limited,
650,,,,35 mm Wire Rope. Qty.: 08 Reel,Oil India Limited,
651,,,,88.90 mm OD Down Hole Mud Motor With Slick Housing. Qty:4 Nos,Oil India Limited,
652,,,,API 600 Gate Valve. Qty: 121 Nos,Oil India Limited,
653,,,,"Bids for PROCUREMENT OF LINE PIPE, 4” (QTY-3500 MTRS)",Oil India Limited,
655,,,,"Bids for SUPPLY OF XLPE ALU CABLE – QTY = 1,500 MTRS",Oil India Limited,
656,,,,"Bids for the supply of 15,000 KG of CEMENT FRICTION REDUCER",Oil India Limited,
660,,,,Pressure Transmitter(0-100 kg/cm2),Oil India Limited,
661,,,,Procurement of 6.1/2” Drill Collar & Lifting Plug,Oil India Limited,
667,,,,Supply of 88.90mm OD Down Hole Mud Motor (Qty: 04 Nos.),Oil India Limited,
668,,,,"Supply of Line Pipe-4” ERW Galvanized (12,600 Mtrs.)",Oil India Limited,
670,,,,a. Copper pipe: Minimum 6 mtr for installation,NTPC Limited,
671,,,,Oil Filled Current Transformer upto (cid:27)00KV,NTPC Limited,
673,,,,+/- 2 mm (maximum) over the declared value in data sheet,NTPC Limited,
674,,,,7 NOTES: 1.0 Similar work means: Work of chemical cleaning of Boiler of 500 MW o r,NTPC Limited,
676,,,,Rosenbauer or equivalent (CE certified/ UL listed) pump with a discharge capacity of 4000 lpm @ 10 kg/cm2,NTPC Limited,
677,,,,"Title Procurement of 250 MVA, 18/ 400 KV Generator Transformer for Stage - I",NTPC Limited,
679,,,,"belt of width 1400 mm or higher and strength 800 kN/Mtr and above, to actual user(s) or",NTPC Limited,
681,,,,"belt of width 1800 mm or higher and strength 800 kN/Mtr and above, to actual user(s) or",NTPC Limited,
683,,,,"belt of width 2200 mm or higher and strength 800 kN/Mtr and above, to actual user(s) or",NTPC Limited,
689,,,,"Bids for the supply of 20,000 M of 114.3 MM OD, ERW LINE PIPE through E-Procurement",Oil India Limited,
692,,,,"Dressing, leveling road sides with 75mm. brick soling on both sides of the road at domestic area at PS-3, Jorhat",Oil India Limited,
693,,,,"Earth filling in solar PV plant at R.S. 17, Retarfelting at alI Ouarters and Blows inc1udi ng overhead tank cleaning , P.S. 10 Barauni",Oil India Limited,
694,,,,GRASS CUTTING AND DISPOSAL FOR NAHARKATIA TANK FARM FOR A PERIOD OF 2 (TWO) YEARS,Oil India Limited,
696,,,,SUPPLY OF SKID MOUNTED HYDRAULIC POWER UNIT DRIVEN BY 60 HP ELECTRIC MOTOR WITH HYDRAULIC PUMP AND COMPLETE WITH HOSES,Oil India Limited,
702,,,,manhole of 450 mm. One additional filling connection of 50 mm shall be provided on the sides of the tank,NTPC Limited,
704,,,,"Procurement of ""3HP (2.2 KW) Explosion proof (Ex) and weather proof Three phase AC Induction Motor.""",Oil India Limited,
705,,,,Bids for the supply of 1000000 KG of Liquid Flow Improver 180 KG Drum through E-Procurement,Oil India Limited,
708,,,,Supply of Galvanized Wire (3 MT) and Galvanized Barbed Wire(20MT) from MSE vendors,Oil India Limited,
709,,,,Diesel Power Generator (up to 900 KVA) Rotor for 19.5 MW Steam Turbine Generator (BHEL),NTPC Limited,
713,,,,2.2.0 For Steam Turbine Generator of 250 MW Unit,NTPC Limited,
716,,,,Cable for Working Voltage up to and Including 1.1 KV Marked,NTPC Limited,
718,,,,Converyer Belt 1400mm,NTPC Limited,
720,,,,LS CABLE & SYSTEM LTD BHIWADI Up to 132 KV,NTPC Limited,
723,,,,Procurement of 400KV RIP bushing for ICT-2 Transformer at,NTPC Limited,
724,,,,Rewinding Of 3 Ph 1 HP Motor,NTPC Limited,
725,,,,Rewinding Of 3 Ph 1.5 HP Motor,NTPC Limited,
726,,,,Rewinding Of 3 Ph 2 HP Motor,NTPC Limited,
727,,,,Rewinding Of 3 Ph 3 HP MOTOR,NTPC Limited,
728,,,,Rewinding Of 3 Ph 5 HP Motor,NTPC Limited,
730,,,,Supply of pulverised coal pipe of size of 350 mm or more,NTPC Limited,
734,,,,XLPE Cable for Working Voltages up to and Including 1.1 KV,NTPC Limited,
738,,,,transformer shall have cantilever strength of not less than 500kg for,NTPC Limited,
739,,,,• Hose reel high pressure hose reel of 30 mm (30 meter length ),NTPC Limited,
742,,,,Cast Iron Pipe Lines for Ash Conveying Pipes of Sizes up to 250 NB,NTPC Limited,
744,,,,Procurement of 1200 NB Butterfly Valve Complete Assembly,NTPC Limited,
746,,,,Procurement of Alloy Tubes (Grade 23) for Boiler Area at PVUNL,NTPC Limited,
748,,,,Supply and installation of 6.6KV Circuit Breaker at NTPC Kawas,NTPC Limited,
749,,,,12 V 100 AH SMF Battery,Oil India Limited,
750,,,,12V Battery operated oil filling pump,Oil India Limited,
751,,,,16A Ex-d GRP Plug and Receptacle set,Oil India Limited,
752,,,,"20"" Line Casing Pipe and Crossover",Oil India Limited,
757,,,,"5""X2"" Reducer",Oil India Limited,
760,,,,API 600 Gate valve & 6D Plug valve,Oil India Limited,
761,,,,DOUBLE PACK OFF FLANGE 11 INCH x 5 M,Oil India Limited,
762,,,,Grips For Wire line,Oil India Limited,
763,,,,Hydraulic Hand Pump (10000 PSI),Oil India Limited,
764,,,,Lower Kelly Cock for 5 inches Drill Pipe,Oil India Limited,
767,,,,"Supply of Spares for 5"" OD Drill Pipe Extra Long Rotary Slip",Oil India Limited,
768,,,,Supply of TMT BAR-12MM,Oil India Limited,
769,,,,100 mm Seamless Line Pipe,Oil India Limited,
772,,,,125 KVA Transformer along with Double pole structure,Oil India Limited,
773,,,,16A Ex-d GRP Plug and Recepticle,Oil India Limited,
774,,,,250kVA Silent DG SET with AMF & ATS Panel,Oil India Limited,
776,,,,38 mm Wire Rope,Oil India Limited,
777,,,,"6""(Inches) PANEL MOUNTED PRESSURE INDICATING SYSTEM",Oil India Limited,
778,,,,7 nos 5 HP Submersible pumpset with electrical panel,Oil India Limited,
779,,,,API 600 Gate Valve. (03 Items-Total Qty. 100 Nos.),Oil India Limited,
783,,,,Bids for M.S.PLATE (25 MT),Oil India Limited,
784,,,,Bids for PROCUREMENT OF LINE PIPE (QTY-13000 MTRS),Oil India Limited,
785,,,,Bids for TMT Steel Bar (100 MT),Oil India Limited,
787,,,,Centre latch elevator for 127 MM Drill Pipe (350 TON Rated Capacity),Oil India Limited,
790,,,,Emergency Shower and Eye Washer-IS 10592 (Q4),Oil India Limited,
796,,,,Fully Automatic Star-Delta Starter Panel for 40HP Induction Motor (Q3),Oil India Limited,
798,,,,Galvanized Plain Sheet (6'* 3'* 22 SWG) (Q3),Oil India Limited,
799,,,,Hydraulic Pressure recorder (10000 psi) with Gauge-OIL,Oil India Limited,
800,,,,Lead Acid Battery-IS 16046,Oil India Limited,
801,,,,Line Pipe Conductor 28 inches (Q3),Oil India Limited,
802,,,,"Line Pipe Conductor Casing (28"" OD) (Q3)",Oil India Limited,
803,,,,M S Plate (1.6mmX2500mmX1250mm) (Q3),Oil India Limited,
804,,,,M S Plate (25mmX2500mmX1250mm) (Q3),Oil India Limited,
806,,,,PROCUREMENT OF 1130 HP DC Drilling Motors with Blower Unit,Oil India Limited,
808,,,,PROCUREMENT OF TMT BAR and MS ROUND BAR,Oil India Limited,
809,,,,Supply of 1.5 HP Submersible Pump sets,Oil India Limited,
810,,,,Supply of 15000 KG BAG OF CEMENT FRICTION REDUCER,Oil India Limited,
822,,,,Procurement Of 400KV RIP Bushing For ICT-2 Transformer At SSTPS(2),NTPC Limited,
825,,,,1400 NB Butterfly valve complete assembly along with gearbox,NTPC Limited,
833,,,,Work Description Procurement of 250 MVA 15.75/420 KV Generator Transformer for NTPC Farakka Stage-1,NTPC Limited,
834,,,,"a) One (1) number buried Make up water pipe (900mm dia, 24 km route length",NTPC Limited,
836,,,,of gas to the DCP vessel at not less than 14 kg/cm2 pressure. Arrangement will be made to prevent back flow,NTPC Limited,
840,,,,Procurement of 250 MVA 15.75/420 KV Generator Transformer for NTPC Farakka Stage-1,NTPC Limited,
843,,,,133.35 mm hexagonal Kelly along with Kelly bushing (drive bush). Qty: 02 Nos,Oil India Limited,
845,,,,"Bids for PROCUREMENT OF JINGLE WIRE FENCING (QTY- 90,000 KG) EXCLUSIVELY FROM MSE VENDORS",Oil India Limited,
846,,,,"Bids for PROCUREMENT OF MS-BASE PLATE (200 NOS.), EXCLUSIVELY FROM MSE vendors",Oil India Limited,
847,,,,"Bids for the supply of 1500 M of 8 MM, SEMLESS LINE PIPE through E-Procurement",Oil India Limited,
849,,,,"Construction of Industrial Brick Boundary wall with Y shape overhang, RBT & Concertina coil at Baghjan EPS of length 285.00 Mtr",Oil India Limited,
854,,,,"Energy Efficient Celing Fans & Heavy Duty Exhaust Fans, Energy Efficient Celling Fan of 1200mm sweep",Oil India Limited,
856,,,,"Re-routing of 14inch mainline between PS8 (Sonapur) scraper trap and near PS8 Downstream Block Valve under PLM Section PS8, Sonapur",Oil India Limited,
857,,,,"Replacement of clogged 200 mm (8”) NB, 1000 M long pipe segment of Digboi Refinery Feeder Line",Oil India Limited,
862,,,,Specification / Data Sheet for 9.0 Kg. Capacity Portable DCP Fire Extinguisher (Stored Pressure Type),Oil India Limited,
864,,,,b. Drain pipe of length 6 mtr Drainage : PVC pipe suitably clamped for eac,NTPC Limited,
865,,,,"Similar works means: ""Supply of Current Transformer of 400 kV Voltage class or above”",NTPC Limited,
867,,,,Please allow speaker bar/grill in bottom or front both side of AIO Brazil,NTPC Limited,
869,,,,R and M of Turbine high-energy drain valves of MS/HRH line of Rihand Stage#1.,NTPC Limited,
871,,,,material shall be either GM or SS only. Tank shall be hydraulically tested at 0.5 bar for leakage. Alljoints shall,NTPC Limited,
873,,,,pipe shall be of 200 mm diameter. This is to ensure that the tank does not get unnecessarily pressurized. The,NTPC Limited,
876,,,,• Hose reel (35mm synthetic hose with nozzle length – 50 Meter)- Normal Pressure,NTPC Limited,
878,,,,Procurement of 1400 NB butterfly valve complete assembly along with gearbox,NTPC Limited,
879,,,,Procurement of Online Transformer oil Dry out System for 400 KV Class Power Transformers,NTPC Limited,
884,,,,Bids for PROCUREMENT OF JINGLE WIRE FENCING QTY 90000 KGS EXCLUSIVELY FROM MSE VENDORS,Oil India Limited,
885,,,,Construction of 650 KL Capacity RCC static fire fighting water storage over ground water tank including brick boundary wall,Oil India Limited,
888,,,,Construction of one 650 Kl capacity RCC over ground Tank at G.C.S.-8 ( Sasoni Area) including supply of all materials except cement,Oil India Limited,
890,,,,Data Sheet for 9.0 Kg. Capacity Portable DCP Fire Extinguisher (Cartridge Type) Sr. No,Oil India Limited,
891,,,,Repairing of road to Pipe Track from Dighal Tarang T.E. Factory Tiniali to the Play ground end of Dighal Tarang T.E,Oil India Limited,
892,,,,Supply & laying of pea gravel over motorized valve shed floor in the Pump House,Oil India Limited,
893,,,,Supply of 346.075 mm x 5M Annular BOP with Adapter Flange and accessories,Oil India Limited,
896,,,,Upkeepment & Grass Cutting including jungle cleaning at Tengakhat Pump Station for 1 year,Oil India Limited,
897,,,,Upkeepment & grass cutting including jungle cleaning at Tengakhat Pump station for one year from October-2014 to September-2015,Oil India Limited,
898,,,,Upkeepment and Grass cutting including jungle cleaning at Tengakhat pump station for one year from 20.07.2022 to 19.07.2022,Oil India Limited,
899,,,,Instead of insulation kindly consider C-5 marine grade painting on the outer surface of the storage tank.,NTPC Limited,
900,,,,Latest ALMM (Wind) Listed Turbine Machine of Individual Minimum Capacity of 3.0 MW,NTPC Limited,
