id,split
1,dev
2,dev
3,dev
4,dev
5,dev
6,dev
7,dev
8,dev
9,dev
10,dev
11,dev
12,dev
13,dev
14,dev
15,dev
16,dev
17,dev
18,dev
19,dev
20,dev
21,dev
22,dev
23,dev
24,dev
25,dev
26,dev
27,dev
28,dev
29,dev
30,dev
31,dev
32,dev
33,dev
34,dev
35,dev
36,dev
37,dev
38,dev
39,dev
40,dev
41,dev
42,dev
43,dev
44,dev
45,dev
46,dev
47,dev
48,dev
49,dev
50,test
51,dev
52,dev
53,dev
54,test
55,test
56,test
57,dev
58,test
59,test
60,dev
61,test
62,dev
63,test
64,dev
65,dev
66,dev
67,test
68,test
69,dev
70,test
71,test
72,dev
73,test
74,dev
75,dev
76,test
77,dev
78,test
79,test
80,test
81,dev
82,dev
83,dev
84,dev
85,dev
86,dev
87,dev
88,test
89,test
90,dev
91,test
92,test
93,dev
94,test
95,test
96,dev
97,test
98,dev
99,test
100,dev
101,test
102,dev
103,dev
104,dev
105,test
106,test
107,test
108,dev
109,dev
110,test
111,test
112,test
113,dev
114,dev
115,dev
116,dev
117,dev
118,test
119,test
120,test
121,test
122,dev
123,dev
124,dev
125,test
126,dev
127,test
128,test
129,test
130,test
131,dev
132,test
133,dev
134,test
135,test
136,test
137,test
138,dev
139,dev
140,dev
141,test
142,dev
143,dev
144,dev
145,test
146,dev
147,test
148,test
149,dev
150,dev
151,dev
152,dev
153,test
154,dev
155,dev
156,dev
157,test
158,test
159,dev
160,dev
161,test
162,dev
163,dev
164,dev
165,test
166,dev
167,test
168,dev
169,test
170,dev
171,dev
172,test
173,dev
174,dev
175,test
176,test
177,dev
178,dev
179,test
180,dev
181,dev
182,dev
183,dev
184,test
185,test
186,dev
187,test
188,dev
189,dev
190,test
191,dev
192,test
193,test
194,test
195,dev
196,test
197,test
198,test
199,dev
200,dev
201,dev
202,dev
203,dev
204,dev
205,test
206,dev
207,test
208,test
209,dev
210,dev
211,dev
212,test
213,test
214,test
215,dev
216,test
217,dev
218,test
219,test
220,dev
221,test
222,test
223,test
224,test
225,test
226,test
227,test
228,test
229,test
230,test
231,test
232,test
233,dev
234,dev
235,dev
236,test
237,dev
238,test
239,test
240,test
241,test
242,test
243,dev
244,dev
245,dev
246,test
247,dev
248,dev
249,dev
250,test
251,dev
252,dev
253,test
254,dev
255,dev
256,dev
257,dev
258,dev
259,test
260,test
261,test
262,test
263,dev
264,dev
265,test
266,test
267,dev
268,dev
269,test
270,test
271,test
272,test
273,test
274,test
275,test
276,test
277,test
278,test
279,dev
280,dev
281,dev
282,dev
283,dev
284,test
285,test
286,dev
287,test
288,test
289,dev
290,dev
291,test
292,test
293,dev
294,test
295,test
296,test
297,dev
298,dev
299,test
300,test
301,test
302,dev
303,dev
304,test
305,test
306,dev
307,test
308,test
309,dev
310,test
311,test
312,test
313,test
314,test
315,dev
316,test
317,dev
318,test
319,test
320,test
321,test
322,dev
323,dev
324,dev
325,dev
326,dev
327,dev
328,test
329,dev
330,test
331,dev
332,test
333,test
334,dev
335,test
336,test
337,dev
338,dev
339,dev
340,dev
341,dev
342,test
343,test
344,dev
345,dev
346,dev
347,test
348,dev
349,test
350,test
351,test
352,test
353,test
354,test
355,test
356,dev
357,dev
358,test
359,dev
360,test
361,test
362,dev
363,dev
364,dev
365,test
366,dev
367,dev
368,dev
369,test
370,test
371,dev
372,test
373,test
374,test
375,dev
376,test
377,dev
378,dev
379,dev
380,dev
381,dev
382,dev
383,dev
384,dev
385,dev
386,test
387,test
388,dev
389,dev
390,dev
391,test
392,dev
393,test
394,dev
395,test
396,test
397,dev
398,test
399,test
400,test
401,test
402,dev
403,dev
404,test
405,dev
406,dev
407,test
408,test
409,test
410,dev
411,test
412,dev
413,test
414,test
415,test
416,dev
417,dev
418,test
419,dev
420,test
421,dev
422,test
423,dev
424,test
425,test
426,test
427,test
428,dev
429,test
430,test
431,dev
432,test
433,test
434,dev
435,dev
436,dev
437,dev
438,dev
439,test
440,dev
441,dev
442,test
443,test
444,test
445,test
446,dev
447,dev
448,test
449,dev
450,dev
451,test
452,test
453,dev
454,test
455,dev
456,dev
457,test
458,dev
459,test
460,test
461,test
462,dev
463,dev
464,dev
465,test
466,test
467,test
468,dev
469,test
470,dev
471,test
472,dev
473,test
474,dev
475,test
476,test
477,dev
478,test
479,dev
480,test
481,test
482,dev
483,test
484,test
485,test
486,test
487,dev
488,dev
489,dev
490,dev
491,dev
492,dev
493,test
494,test
495,test
496,dev
497,dev
498,test
499,test
500,dev
501,test
502,test
503,test
504,dev
505,test
506,dev
507,dev
508,dev
509,dev
510,dev
511,dev
512,test
513,test
514,dev
515,test
516,test
517,dev
518,dev
519,test
520,dev
521,test
522,dev
523,dev
524,dev
525,test
526,test
527,test
528,dev
529,dev
530,dev
531,dev
532,test
533,dev
534,test
535,dev
536,test
537,test
538,dev
539,dev
540,dev
541,test
542,dev
543,dev
544,test
545,dev
546,dev
547,dev
548,dev
549,test
550,dev
551,dev
552,dev
553,test
554,dev
555,dev
556,test
557,dev
558,dev
559,test
560,test
561,dev
562,dev
563,test
564,dev
565,dev
566,test
567,dev
568,dev
569,test
570,dev
571,dev
572,dev
573,test
574,test
575,test
576,test
577,dev
578,dev
579,test
580,test
581,dev
582,dev
583,test
584,test
585,test
586,dev
587,dev
588,dev
589,dev
590,dev
591,test
592,test
593,dev
594,test
595,dev
596,dev
597,test
598,dev
599,dev
600,test
601,dev
602,test
603,test
604,test
605,test
606,dev
607,dev
608,dev
609,dev
610,dev
611,test
612,dev
613,test
614,test
615,dev
616,test
617,test
618,dev
619,test
620,test
621,dev
622,dev
623,dev
624,dev
625,dev
626,test
627,test
628,dev
629,test
630,dev
631,test
632,dev
633,test
634,dev
635,test
636,test
637,dev
638,test
639,test
640,test
641,dev
642,dev
643,test
644,test
645,dev
646,test
647,dev
648,dev
649,test
650,test
651,test
652,test
653,test
654,dev
655,test
656,test
657,dev
658,dev
659,dev
660,test
661,test
662,dev
663,dev
664,dev
665,dev
666,dev
667,test
668,test
669,dev
670,test
671,test
672,dev
673,test
674,test
675,dev
676,test
677,test
678,dev
679,test
680,dev
681,test
682,dev
683,test
684,dev
685,dev
686,dev
687,dev
688,dev
689,test
690,dev
691,dev
692,test
693,test
694,test
695,dev
696,test
697,dev
698,dev
699,dev
700,dev
701,dev
702,test
703,dev
704,test
705,test
706,dev
707,dev
708,test
709,test
710,dev
711,dev
712,dev
713,test
714,dev
715,dev
716,test
717,dev
718,test
719,dev
720,test
721,dev
722,dev
723,test
724,test
725,test
726,test
727,test
728,test
729,dev
730,test
731,dev
732,dev
733,dev
734,test
735,dev
736,dev
737,dev
738,test
739,test
740,dev
741,dev
742,test
743,dev
744,test
745,dev
746,test
747,dev
748,test
749,test
750,test
751,test
752,test
753,dev
754,dev
755,dev
756,dev
757,test
758,dev
759,dev
760,test
761,test
762,test
763,test
764,test
765,dev
766,dev
767,test
768,test
769,test
770,dev
771,dev
772,test
773,test
774,test
775,dev
776,test
777,test
778,test
779,test
780,dev
781,dev
782,dev
783,test
784,test
785,test
786,dev
787,test
788,dev
789,dev
790,test
791,dev
792,dev
793,dev
794,dev
795,dev
796,test
797,dev
798,test
799,test
800,test
801,test
802,test
803,test
804,test
805,dev
806,test
807,dev
808,test
809,test
810,test
811,dev
812,dev
813,dev
814,dev
815,dev
816,dev
817,dev
818,dev
819,dev
820,dev
821,dev
822,test
823,dev
824,dev
825,test
826,dev
827,dev
828,dev
829,dev
830,dev
831,dev
832,dev
833,test
834,test
835,dev
836,test
837,dev
838,dev
839,dev
840,test
841,dev
842,dev
843,test
844,dev
845,test
846,test
847,test
848,dev
849,test
850,dev
851,dev
852,dev
853,dev
854,test
855,dev
856,test
857,test
858,dev
859,dev
860,dev
861,dev
862,test
863,dev
864,test
865,test
866,dev
867,test
868,dev
869,test
870,dev
871,test
872,dev
873,test
874,dev
875,dev
876,test
877,dev
878,test
879,test
880,dev
881,dev
882,dev
883,dev
884,test
885,test
886,dev
887,dev
888,test
889,dev
890,test
891,test
892,test
893,test
894,dev
895,dev
896,test
897,test
898,test
899,test
900,test
901,dev
902,dev
