record_id,true_item_id
R00001,ITM-001
R00002,ITM-001
R00003,ITM-003
R00004,ITM-004
R00005,ITM-001
R00006,ITM-001
R00007,ITM-001
R00008,ITM-001
R00009,ITM-001
R00010,ITM-001
R00011,ITM-001
R00012,ITM-002
R00013,ITM-002
R00014,ITM-002
R00015,ITM-002
R00016,ITM-002
R00017,ITM-002
R00018,ITM-003
R00019,ITM-003
R00020,ITM-003
R00021,ITM-003
R00022,ITM-004
R00023,ITM-004
R00024,ITM-004
R00025,ITM-004
R00026,ITM-004
R00027,ITM-004
R00028,ITM-004
R00029,ITM-004
R00030,ITM-004
R00031,ITM-005
R00032,ITM-005
R00033,ITM-005
R00034,ITM-005
R00035,ITM-005
R00036,ITM-005
R00037,ITM-006
R00038,ITM-006
R00039,ITM-006
R00040,ITM-006
R00041,ITM-007
R00042,ITM-007
R00043,ITM-007
R00044,ITM-007
R00045,ITM-007
R00046,ITM-007
R00047,ITM-007
R00048,ITM-007
R00049,ITM-007
R00050,ITM-008
R00051,ITM-008
R00052,ITM-008
R00053,ITM-009
R00054,ITM-009
R00055,ITM-009
R00056,ITM-009
R00057,ITM-009
R00058,ITM-010
R00059,ITM-010
R00060,ITM-010
R00061,ITM-010
R00062,ITM-010
R00063,ITM-010
R00064,ITM-010
R00065,ITM-011
R00066,ITM-011
R00067,ITM-011
R00068,ITM-011
R00069,ITM-011
R00070,ITM-011
R00071,ITM-011
R00072,ITM-012
R00073,ITM-012
R00074,ITM-012
R00075,ITM-012
R00076,ITM-012
R00077,ITM-012
R00078,ITM-012
R00079,ITM-012
R00080,ITM-013
R00081,ITM-013
R00082,ITM-013
R00083,ITM-013
R00084,ITM-013
R00085,ITM-013
R00086,ITM-013
R00087,ITM-014
R00088,ITM-014
R00089,ITM-014
R00090,ITM-014
R00091,ITM-014
R00092,ITM-014
R00093,ITM-015
R00094,ITM-015
R00095,ITM-015
R00096,ITM-015
R00097,ITM-015
R00098,ITM-015
R00099,ITM-015
R00100,ITM-015
